Number,target_variable,Ankle plantar/dorsiflexion angle(бу),Ankle in/eversion angle(бу),Hip ad/abduction angle(бу),Knee flex/extension angle(бу),Knee ad/abduction angle(бу),Knee in/external rotation angle(бу),M/L pelvic lean(бу),Vertical pelvic lean(бу),Vertical trunk lean(бу),M/L COM position(mm),Vertical COM position(mm)
1,13.23783223,26.569,3.97118,3.07988,30.1847,13.2073,12.25,1.58237,-0.664872,-0.824743,786.656,977.49
2,13.32384705,26.6821,3.94415,2.91219,29.1834,12.8123,11.7546,1.338,-0.481855,-1.39188,771.801,978.393
3,13.38375687,26.6403,3.91147,2.73627,28.1066,12.3975,11.1579,1.07631,-0.311004,-1.96158,756.888,979.653
4,13.39458149,26.4333,3.87283,2.55074,26.9637,11.9649,10.462,0.798144,-0.151871,-2.53291,741.911,981.26
5,13.3620511,26.0491,3.82763,2.35415,25.7642,11.5171,9.66941,0.504748,-0.0037422,-3.10471,726.865,983.199
6,13.27784839,25.4743,3.77483,2.14526,24.5169,11.0566,8.7833,0.197873,0.134383,-3.67556,711.744,985.453
7,14.65159739,32.0871,4.56027,3.795,42.616,13.5423,17.6599,-1.73043,-6.10069,-185.185,783.482,1012.56
8,14.81448907,32.519,4.5083,3.50075,41.6076,12.7508,17.4169,-2.04266,-5.98102,-186.089,763.513,1013.84
9,14.90330693,32.6987,4.44245,3.15046,40.4555,11.9316,17.0823,-2.38018,-5.85809,-186.981,743.414,1015.57
10,14.91581668,32.6044,4.36457,2.74683,39.1719,11.0912,16.6662,-2.74064,-5.73128,-187.863,723.181,1017.76
11,14.86682689,32.2151,4.27611,2.29324,37.7676,10.2387,16.1756,-3.12142,-5.59974,-188.731,702.808,1020.37
12,14.72185656,31.5101,4.1779,1.79363,36.2512,9.38505,15.6133,-3.51963,-5.46246,-189.585,682.295,1023.37
13,10.62906505,27.3695,2.48086,2.22817,38.3112,9.76554,-8.04337,-1.55361,1.16869,0.0664238,676.817,984.268
14,10.81375164,27.5941,2.43597,2.07084,37.4275,9.3303,-8.13435,-1.68595,1.31236,-0.479183,661.536,985.739
15,10.90757807,27.674,2.37505,1.91011,36.4221,8.83518,-8.32973,-1.84755,1.44795,-1.04234,646.234,987.556
16,10.93937539,27.6009,2.29856,1.74463,35.302,8.2908,-8.6309,-2.03768,1.57469,-1.62266,630.906,989.706
17,10.89328124,27.3661,2.20648,1.57198,34.0738,7.70774,-9.03928,-2.25499,1.69282,-2.21852,615.546,992.17
18,10.77777512,26.9605,2.0983,1.38898,32.7444,7.09644,-9.55614,-2.4976,1.80364,-2.82708,600.15,994.93
19,22.28884334,33.0969,4.17093,6.75818,42.8301,11.5824,10.2675,-0.759843,-4.02274,-5.34679,678.036,948.748
20,22.74495813,33.208,4.10283,6.18569,41.538,10.9786,9.79681,-1.07992,-3.74687,-5.90146,658.806,950.523
21,23.03207963,33.0254,4.0203,5.56908,40.0918,10.3547,9.19632,-1.4131,-3.44804,-6.46654,639.515,952.736
22,23.15688597,32.543,3.92366,4.91707,38.5153,9.72857,8.47593,-1.75499,-3.13586,-7.04481,620.147,955.362
23,23.0557005,31.754,3.81193,4.23779,36.8309,9.11672,7.63767,-2.10086,-2.81953,-7.63716,600.691,958.371
24,22.69252415,30.6521,3.68314,3.53886,35.0601,8.5333,6.67803,-2.44579,-2.50741,-8.24268,581.135,961.727
25,26.92155303,27.6754,1.24679,5.32145,31.9712,2.94986,10.8343,6.82707,-5.42474,2.74642,639.319,865.414
26,27.36445811,27.6156,1.1296,4.36394,30.7926,2.46424,10.5923,6.07728,-5.46274,1.82042,623.76,868.35
27,27.68810361,27.3361,1.0114,3.40669,29.5059,2.05622,10.2051,5.32038,-5.49981,0.865633,608.13,871.593
28,27.69521267,26.8231,0.889929,2.46334,28.1407,1.70649,9.67958,4.565,-5.53436,-0.111196,592.426,875.117
29,27.47585572,26.0634,0.763642,1.54711,26.7247,1.39927,9.02756,3.81974,-5.56451,-1.10262,576.644,878.894
30,26.897869,25.0437,0.631949,0.670741,25.2823,1.12423,8.26508,3.0931,-5.58811,-2.10046,560.783,882.893
31,14.62031297,21.8983,8.69751,3.73716,7.42898,19.6023,-0.381189,2.29299,-4.59838,-3.64588,718.018,927.127
32,14.92793878,22.2607,8.77534,3.48165,6.79153,19.1312,-0.651181,2.11188,-4.40516,-3.98412,702.661,928.382
33,15.13826912,22.3872,8.84775,3.18998,6.06953,18.601,-1.03844,1.90863,-4.21135,-4.32621,687.265,929.946
34,15.1991816,22.258,8.9107,2.86808,5.28861,18.0114,-1.51977,1.6868,-4.01951,-4.67176,671.824,931.804
35,15.11066607,21.8516,8.96017,2.52128,4.46785,17.3624,-2.077,1.45,-3.8317,-5.01976,656.33,933.938
36,14.88633314,21.1462,8.99219,2.15415,3.62014,16.6551,-2.69788,1.20166,-3.6496,-5.36872,640.78,936.329
37,17.422581,26.9563,4.35585,6.57359,22.3125,13.1668,2.30454,1.77605,-4.18117,0.938849,626.25,980.644
38,17.80006141,26.4869,4.2273,6.15553,20.3326,12.1288,1.43938,1.42146,-4.42986,-0.111473,606.423,981.048
39,18.01547662,25.6776,4.08971,5.68619,18.2588,11.0857,0.384881,1.03737,-4.70345,-1.209,586.444,981.857
40,18.03372106,24.5035,3.94393,5.16083,16.1217,10.0497,-0.848767,0.62613,-4.98812,-2.33502,566.3,983.056
41,17.8190242,22.9466,3.79044,4.57828,13.95,9.03232,-2.24532,0.191302,-5.26869,-3.46895,545.983,984.621
42,17.39215501,20.9968,3.62961,3.94175,11.773,8.04438,-3.77979,-0.262405,-5.5297,-4.58969,525.489,986.524
43,13.5723943,28.4312,2.94016,15.2804,38.3362,-2.54261,6.02744,1.88668,-9.69464,-0.0363382,601.754,931.352
44,13.72698812,28.4573,2.83384,14.3347,37.0118,-3.01381,5.8361,1.27261,-9.45778,-0.269385,585.302,933.1
45,13.77297102,28.2375,2.71247,13.3573,35.5407,-3.43379,5.4903,0.647685,-9.20333,-0.492736,568.857,935.218
46,13.7393838,27.7568,2.57721,12.3679,33.9391,-3.80471,4.99411,0.0227149,-8.93442,-0.709128,552.413,937.688
47,13.60562947,27.0025,2.42843,11.3862,32.2256,-4.13249,4.35283,-0.591478,-8.65399,-0.920743,535.959,940.485
48,13.34020322,25.9639,2.26565,10.431,30.4209,-4.42519,3.57249,-1.18449,-8.36472,-1.1291,519.484,943.583
49,11.47392234,23.0831,6.33884,7.81522,20.0122,17.3181,2.93396,4.17834,-0.398603,-3.25345,717.854,993.447
50,11.52878014,22.9712,6.35681,7.57533,19.1765,16.8162,2.84967,4.04535,-0.399031,-3.62035,705.649,995.592
51,11.55002613,22.7283,6.37937,7.29876,18.2931,16.3449,2.75155,3.90202,-0.409236,-4.00407,693.419,997.979
52,11.54941773,22.3409,6.40016,6.99904,17.383,15.8879,2.6162,3.75014,-0.429239,-4.40339,681.161,1000.59
53,11.49811038,21.795,6.41135,6.69065,16.4687,15.4271,2.41823,3.59159,-0.458475,-4.81655,668.872,1003.41
54,11.40160582,21.0776,6.40448,6.3876,15.5723,14.9455,2.13332,3.42843,-0.495796,-5.24126,656.547,1006.42
55,13.52468593,23.5432,1.8794,5.36022,37.5728,-1.88459,7.80293,-3.6746,-6.78636,-3.49383,793.406,948.931
56,13.79892134,23.9783,1.84569,4.52777,37.0907,-1.91395,7.8815,-4.07152,-6.41796,-3.79608,775.161,950.38
57,13.97460773,24.2227,1.80598,3.66036,36.4341,-1.86133,7.81841,-4.4619,-6.00975,-4.07318,756.821,952.286
58,14.02436431,24.2543,1.7598,2.77406,35.6152,-1.73902,7.61851,-4.8379,-5.56656,-4.32773,738.38,954.636
59,13.96060478,24.0497,1.70594,1.88454,34.6466,-1.56276,7.28741,-5.19249,-5.09284,-4.56174,719.83,957.411
60,13.75074345,23.5854,1.64246,1.00708,33.5418,-1.3507,6.83161,-5.51951,-4.59276,-4.77664,701.164,960.586
61,14.03758325,33.516,1.45313,6.23281,52.3754,2.33674,4.50744,-2.84759,0.867003,0.522735,668.332,909.368
62,14.2329564,33.816,1.36592,5.66927,51.019,1.48031,4.18499,-3.54165,0.400089,-0.735829,646.997,911.783
63,14.33407044,33.9074,1.26421,4.94817,49.4623,0.756045,3.69769,-4.26416,0.0139601,-1.9756,625.606,914.683
64,14.32658761,33.7636,1.14828,4.08173,47.7165,0.182524,3.03472,-5.00621,-0.284113,-3.20304,604.162,918.041
65,14.20175923,33.3565,1.01783,3.087,45.7983,-0.233559,2.18722,-5.75873,-0.490625,-4.42556,582.66,921.825
66,13.94517385,32.6563,0.871874,1.98517,43.7291,-0.496882,1.15013,-6.51229,-0.605736,-5.65058,561.092,926
67,14.91101483,23.503,5.72483,7.41727,30.7625,5.9669,3.30619,2.26304,-3.65457,-2.32327,766.155,985.372
68,15.10208108,23.6735,5.62807,7.01749,30.3064,5.58534,3.55291,1.97997,-3.62952,-2.8518,749.947,986.165
69,15.1634561,23.6606,5.51616,6.55064,29.667,5.26895,3.65524,1.6654,-3.60074,-3.38774,733.721,987.419
70,15.10650574,23.458,5.38938,6.02482,28.8579,5.00747,3.61366,1.32229,-3.56769,-3.92954,717.469,989.12
71,14.92218266,23.0579,5.24766,5.44898,27.8939,4.7865,3.43126,0.953906,-3.52953,-4.47469,701.177,991.247
72,14.60570893,22.451,5.09054,4.83258,26.79,4.58948,3.11341,0.563805,-3.48517,-5.01971,684.836,993.771
73,19.36031637,26.0556,3.19429,9.63691,36.6571,16.4192,-3.65268,-1.69973,-7.27517,-6.99626,849.403,944.988
74,19.80750832,26.5573,3.20599,9.21484,35.7673,15.9892,-3.88837,-1.9875,-7.1196,-7.2524,831.511,946.283
75,20.08172273,26.7639,3.20969,8.72509,34.5818,15.4817,-4.39664,-2.28404,-6.88185,-7.45091,813.549,948.223
76,20.13693972,26.646,3.20507,8.17887,33.1354,14.9037,-5.17201,-2.58667,-6.56983,-7.59775,795.509,950.772
77,19.91961889,26.1766,3.19136,7.58782,31.4669,14.2595,-6.20182,-2.89236,-6.1933,-7.69945,777.388,953.884
78,19.48350462,25.3318,3.16722,6.96335,29.6164,13.5525,-7.46688,-3.19795,-5.76327,-7.76294,759.181,957.505
79,12.36309529,30.6886,0.762119,3.32759,45.2893,11.2333,4.42781,-2.43053,-7.54629,-6.97293,753.797,931.271
80,12.69274386,31.0585,0.709274,2.67406,43.9909,10.8219,3.97959,-2.95774,-7.68239,-7.56436,734.649,933.361
81,12.89181328,31.2091,0.65131,1.98563,42.512,10.423,3.34496,-3.49125,-7.77864,-8.1187,715.417,935.87
82,12.94582683,31.1154,0.586078,1.26434,40.874,10.0356,2.51633,-4.02724,-7.83193,-8.63325,696.094,938.773
83,12.88315157,30.7525,0.51091,0.513338,39.1019,9.65921,1.48829,-4.56162,-7.84027,-9.10676,676.676,942.043
84,12.65180222,30.0958,0.422968,-0.26261,37.2239,9.29478,0.260145,-5.08984,-7.80305,-9.53948,657.157,945.645
85,15.33443359,20.6619,-0.453411,1.19907,26.7138,-1.42246,13.3608,0.384035,-3.19148,-8.80154,789.242,988.517
86,15.53412545,20.8211,-0.567977,1.02197,26.0898,-1.62829,13.4166,0.151276,-3.31858,-9.59729,771.153,989.398
87,15.62599609,20.6988,-0.69167,0.801156,25.2722,-1.67884,13.2197,-0.118797,-3.41761,-10.3626,752.996,990.747
88,15.58229687,20.2791,-0.820817,0.541335,24.2891,-1.57562,12.7627,-0.420381,-3.4835,-11.093,734.772,992.533
89,15.41314557,19.5441,-0.951419,0.248479,23.1686,-1.32825,12.0457,-0.746911,-3.51204,-11.785,716.479,994.721
90,15.08830382,18.4759,-1.07932,-0.070458,21.9378,-0.954219,11.0788,-1.09134,-3.50019,-12.4353,698.117,997.27
91,10.70467061,31.6635,6.32598,3.97388,42.4274,19.3675,10.9774,-4.55099,-10.1332,1.39701,740.576,1046.89
92,10.78681262,31.7279,6.34038,3.5227,41.5672,18.9432,11.1314,-4.75426,-10.1301,0.73364,723.495,1047.91
93,10.83892054,31.6353,6.33748,3.05997,40.6474,18.4231,11.1818,-4.94998,-10.0733,0.0974052,706.319,1049.4
94,10.85410139,31.3698,6.31386,2.60205,39.6796,17.8152,11.1047,-5.13238,-9.96251,-0.510876,689.038,1051.33
95,10.82684038,30.9169,6.26729,2.16175,38.668,17.1334,10.8788,-5.29689,-9.79866,-1.09014,671.646,1053.68
96,10.74638857,30.2637,6.19681,1.74809,37.6106,16.3957,10.4869,-5.44027,-9.58316,-1.63908,654.141,1056.43
97,9.69611551,23.3994,1.1595,10.4463,37.8026,0.297979,-8.53357,0.13946,-15.804,-11.3363,564.365,993.158
98,9.911527503,23.5727,1.08012,9.78906,36.9858,0.15773,-8.98782,-0.188037,-15.6073,-11.6697,546.24,994.615
99,10.01453745,23.5669,0.989894,9.04916,36.0942,0.0217227,-9.41532,-0.542574,-15.3874,-12.0001,528.014,996.427
100,10.00212539,23.364,0.886804,8.23335,35.1307,-0.105139,-9.82677,-0.920156,-15.1482,-12.3283,509.686,998.574
101,9.863435765,22.9469,0.768087,7.34904,34.0969,-0.219177,-10.2389,-1.31644,-14.8929,-12.6545,491.254,1001.03
102,9.585023391,22.2999,0.630685,6.40435,32.9937,-0.317621,-10.6709,-1.72665,-14.6241,-12.9779,472.718,1003.77
103,14.86802319,28.2182,1.46684,4.83849,36.5115,6.35849,13.6578,3.96142,1.45694,-9.36568,898.099,937.336
104,15.12121752,28.4041,1.3825,4.52687,34.9748,6.12105,12.9341,3.64087,2.10583,-9.66385,880.669,938.08
105,15.1948146,28.3748,1.27606,4.25264,33.2781,5.88885,11.8493,3.30031,2.78363,-9.95727,863.17,939.198
106,15.12718838,28.1284,1.14918,4.01606,31.459,5.66305,10.4237,2.94231,3.48355,-10.2435,845.593,940.671
107,14.88047885,27.6623,1.00323,3.81459,29.5552,5.44536,8.68432,2.56989,4.19833,-10.5198,827.932,942.474
108,14.57278308,26.9736,0.839427,3.64355,27.6039,5.23808,6.66492,2.1866,4.92045,-10.7837,810.181,944.577
109,16.77343081,27.27,0.649491,2.04777,39.395,0.836768,6.64395,0.119387,-9.59435,-3.78873,687.332,955.27
110,16.99640101,27.4062,0.580432,1.48566,38.6317,0.807742,6.35196,-0.147662,-9.34909,-4.47278,670.815,955.919
111,17.09617423,27.3331,0.50271,0.910289,37.753,0.825406,5.92666,-0.432765,-9.0946,-5.13516,654.204,956.985
112,17.04387987,27.0416,0.416542,0.325724,36.7773,0.884643,5.37244,-0.733591,-8.82942,-5.76746,637.492,958.452
113,16.86136179,26.522,0.321944,-0.26427,35.7222,0.97977,4.69575,-1.04743,-8.55217,-6.36224,620.676,960.299
114,16.52452332,25.7637,0.21876,-0.856235,34.6041,1.10499,3.90494,-1.37129,-8.26159,-6.91324,603.752,962.499
115,11.00270062,32.2164,4.45344,3.64529,37.8001,20.6733,8.48075,1.68711,-11.3764,-9.49668,739.7,978.667
116,11.13520628,32.1513,4.41146,3.20221,36.7788,19.9724,8.44063,1.42541,-11.4574,-10.4104,721.08,980.182
117,11.21620685,31.8926,4.36113,2.73309,35.6545,19.2243,8.288,1.16042,-11.5029,-11.2752,702.392,982.032
118,11.23696345,31.4257,4.30205,2.24837,34.4354,18.4331,8.01744,0.897604,-11.5125,-12.0969,683.627,984.194
119,11.18955738,30.7333,4.23377,1.75813,33.1269,17.6052,7.62137,0.641781,-11.4863,-12.8826,664.78,986.64
120,11.08412489,29.7948,4.15576,1.27208,31.7319,16.7487,7.09131,0.397194,-11.4249,-13.6394,645.843,989.34
121,13.36567491,26.2693,5.22093,6.68066,26.1122,13.8208,15.3735,3.47523,-1.97073,0.722068,775.171,1001.82
122,13.5241937,26.3507,5.17349,6.30701,25.1987,13.1106,15.2867,3.11597,-1.7892,0.248101,759.484,1003.39
123,13.58936247,26.2182,5.11544,5.91842,24.1831,12.3786,15.0444,2.73102,-1.61279,-0.242098,743.762,1005.31
124,13.59986274,25.8682,5.04813,5.5207,23.0813,11.6307,14.6578,2.32609,-1.4436,-0.748334,728.003,1007.54
125,13.55530038,25.2977,4.97268,5.11844,21.9108,10.8726,14.1427,1.9068,-1.28296,-1.26957,712.205,1010.09
126,13.44258654,24.504,4.88978,4.71499,20.6891,10.1102,13.5181,1.47871,-1.13139,-1.80393,696.364,1012.92
127,17.09521406,24.2412,3.76589,-2.70774,28.3765,27.1745,8.26694,-1.27154,-4.02875,-5.15067,714.208,926.744
128,17.34706718,24.1978,3.71895,-3.23408,27.6426,26.6626,8.09721,-1.61594,-4.01734,-5.79816,698.591,927.531
129,17.51021393,23.9694,3.67052,-3.77954,26.7738,26.092,7.8094,-1.97266,-3.9837,-6.44137,682.885,928.76
130,17.53862781,23.546,3.62043,-4.33782,25.7859,25.4639,7.41042,-2.33798,-3.9248,-7.07303,667.083,930.421
131,17.44672139,22.9164,3.56837,-4.90266,24.6927,24.779,6.90781,-2.70798,-3.83771,-7.68578,651.175,932.5
132,17.22089141,22.0679,3.51384,-5.46786,23.5061,24.0381,6.30942,-3.07874,-3.71991,-8.27255,635.157,934.979
133,9.698163462,25.1633,0.596945,-2.58946,32.0852,9.37257,-10.9263,-5.2621,-2.59691,0.280612,807.225,980.712
134,9.961736527,25.3159,0.529481,-3.01458,30.5767,8.9541,-11.6282,-5.35362,-2.31908,-0.0231357,788.036,983.009
135,10.09108207,25.2069,0.446699,-3.44291,28.8642,8.47322,-12.4913,-5.45195,-2.01147,-0.303883,768.789,985.655
136,10.08779448,24.815,0.35077,-3.8697,26.9732,7.94131,-13.492,-5.55709,-1.68102,-0.567447,749.481,988.62
137,9.969993441,24.1219,0.243658,-4.29057,24.9338,7.37051,-14.6064,-5.66822,-1.33515,-0.819551,730.112,991.87
138,9.751986516,23.1128,0.127167,-4.70151,22.7803,6.77334,-15.8102,-5.78379,-0.981471,-1.06577,710.68,995.367
139,20.55994466,31.3577,1.99626,3.43795,49.8209,25.241,13.6578,-2.15411,-9.13737,-2.64911,721.277,851.897
140,20.78442312,31.5204,1.93399,2.53139,49.2521,24.5849,13.5151,-2.73981,-9.08151,-3.36997,697.278,853.54
141,21.02070646,31.4241,1.8656,1.54359,48.4771,23.8631,13.2434,-3.32649,-8.95447,-4.04047,673.165,855.599
142,20.93121375,31.0436,1.7906,0.478389,47.4659,23.12,12.8058,-3.90674,-8.74966,-4.65051,648.936,858.046
143,20.62598149,30.3505,1.70852,-0.655093,46.1903,22.3958,12.1657,-4.4732,-8.46234,-5.19187,624.586,860.846
144,20.14598086,29.3119,1.6188,-1.84156,44.6267,21.7208,11.2889,-5.01895,-8.09018,-5.65892,600.115,863.964
145,19.49896071,28.2169,2.31957,5.4645,19.8454,32.4768,-6.72564,1.93917,-2.79738,-5.05554,773.113,955.055
146,19.78303816,28.8808,2.29892,5.22314,19.346,31.5458,-6.7853,1.7519,-2.61683,-5.50292,754.883,957.291
147,19.94280446,29.3392,2.28023,4.95175,18.724,30.5063,-6.92896,1.55462,-2.41351,-5.95205,736.611,959.923
148,19.96372315,29.5652,2.26263,4.65459,17.9854,29.3755,-7.17612,1.35193,-2.18756,-6.4011,718.287,962.93
149,19.90637188,29.5329,2.24506,4.33574,17.1372,28.1721,-7.54686,1.14851,-1.93889,-6.84688,699.904,966.287
150,19.68968355,29.2185,2.22633,3.99895,16.1869,26.9155,-8.06034,0.948946,-1.66719,-7.28503,681.452,969.965
151,13.2609111,26.4998,2.41673,4.13688,35.3645,18.3311,5.74913,0.817887,-4.37208,-5.93608,643.538,956.097
152,13.46267064,26.8157,2.42984,3.96682,34.4845,18.0552,5.48459,0.65429,-4.31666,-6.39475,625.743,957.23
153,13.5805231,26.9113,2.42763,3.73804,33.4622,17.7008,5.094,0.442442,-4.29019,-6.87986,607.774,958.93
154,13.57739887,26.7709,2.40916,3.44921,32.3103,17.2695,4.58122,0.188082,-4.29311,-7.39432,589.626,961.163
155,13.48182354,26.3787,2.37343,3.10022,31.0381,16.768,3.94632,-0.101323,-4.32326,-7.93811,571.299,963.89
156,13.25814959,25.7196,2.31939,2.69261,29.6521,16.2069,3.18539,-0.417019,-4.37609,-8.50841,552.797,967.064
157,12.45333781,23.8521,2.52257,16.1836,38.0296,2.42824,-4.75444,6.65505,-9.97422,0.95876,812.008,971.688
158,12.61290681,24.0422,2.41172,15.5048,36.9194,2.19457,-5.01239,6.3919,-9.52998,0.52056,796.643,973.327
159,12.69287755,24.0712,2.28495,14.7936,35.6932,1.95694,-5.35211,6.10625,-9.07001,0.0642579,781.229,975.349
160,12.66090297,23.9336,2.1443,14.0572,34.3669,1.72617,-5.77084,5.7991,-8.60259,-0.413872,765.764,977.734
161,12.5489396,23.6238,1.99129,13.3011,32.9564,1.51172,-6.26711,5.47165,-8.13468,-0.915368,750.245,980.46
162,12.3566988,23.1365,1.82688,12.5295,31.4778,1.32149,-6.84058,5.12545,-7.67177,-1.43965,734.671,983.5
163,23.55615121,24.9018,2.72951,9.06667,36.2578,6.59319,7.1721,3.96756,-9.64756,-6.13704,668.101,914.733
164,23.96021743,25.3445,2.6875,8.68443,35.1974,6.21667,6.96484,3.57796,-9.69745,-7.07984,648.531,915.359
165,24.19137014,25.526,2.62822,8.24143,33.8843,5.87903,6.46956,3.17042,-9.6734,-7.96942,628.881,916.536
166,24.19239836,25.4228,2.55091,7.73825,32.3447,5.57311,5.68849,2.74651,-9.57631,-8.79694,609.14,918.245
167,23.94263056,25.009,2.45365,7.17573,30.607,5.29034,4.62706,2.30815,-9.40882,-9.55491,589.301,920.458
168,23.40701781,24.2579,2.33348,6.55542,28.7008,5.02185,3.29467,1.85783,-9.17528,-10.2375,569.355,923.139
169,12.33382254,26.3765,1.78614,9.37326,35.2286,13.2097,-11.8002,-0.701175,-11.5938,-8.78639,776.499,936.954
170,12.52960086,26.5595,1.70328,8.67348,33.9785,12.5698,-12.295,-0.984711,-11.4163,-9.47703,760.153,938.55
171,12.61443856,26.5691,1.6053,7.91267,32.5957,11.8972,-12.9052,-1.29307,-11.2161,-10.1554,743.754,940.478
172,12.61033643,26.3967,1.49213,7.1012,31.101,11.1977,-13.6232,-1.62209,-10.9969,-10.8224,727.296,942.719
173,12.52922471,26.033,1.36353,6.24983,29.5157,10.4779,-14.4417,-1.96724,-10.7624,-11.4782,710.769,945.25
174,12.35630793,25.4677,1.2191,5.36953,27.8607,9.74538,-15.3529,-2.32376,-10.5163,-12.1225,694.166,948.049
175,11.71686112,25.577,3.7155,3.24384,28.3182,12.5886,12.3281,1.71098,-1.59314,-0.358253,745.895,983.039
176,11.80561472,25.5676,3.64981,2.97976,27.3033,12.1577,11.7395,1.41413,-1.41743,-0.987112,731.147,984.411
177,11.86446585,25.4203,3.57919,2.71164,26.2199,11.6951,11.0647,1.09672,-1.25732,-1.63313,716.338,986.096
178,11.87370233,25.1211,3.5037,2.43889,25.0775,11.2082,10.3063,0.761523,-1.11261,-2.29443,701.466,988.079
179,11.83616232,24.6546,3.42289,2.16062,23.8844,10.7044,9.46611,0.411769,-0.982694,-2.96832,686.523,990.344
180,11.74621902,24.0052,3.33566,1.87606,22.6478,10.1902,8.54524,0.0511869,-0.866522,-3.65125,671.506,992.874
181,14.96663971,33.3498,4.4764,4.72386,45.303,14.0963,19.4719,-0.81101,-4.63243,-187.534,643.968,1008.83
182,15.08946095,33.5765,4.40676,4.34697,44.2508,13.3073,19.1745,-1.20328,-4.66697,-188.449,624.499,1010.18
183,15.15643982,33.5521,4.33083,3.92812,43.0704,12.4865,18.7937,-1.61447,-4.68999,-189.344,604.887,1011.99
184,15.13815455,33.2548,4.24984,3.46825,41.7664,11.6472,18.3306,-2.03984,-4.69444,-190.213,585.128,1014.23
185,15.03455169,32.6621,4.16434,2.96875,40.3418,10.8041,17.7824,-2.47477,-4.67331,-191.049,565.219,1016.89
186,14.84131303,31.7513,4.074,2.43156,38.7991,9.97231,17.142,-2.91504,-4.61996,-191.845,545.162,1019.93
187,10.62382089,27.9099,2.255,6.39666,40.7578,9.84416,-7.43741,0.0113203,-2.97764,-0.359223,720.725,970.094
188,10.74923072,28.1398,2.19449,6.09243,40.011,9.36742,-7.47212,-0.135594,-2.74901,-0.829646,705.542,971.477
189,10.82380623,28.2328,2.11748,5.76993,39.155,8.8503,-7.58793,-0.31109,-2.52592,-1.32304,690.337,973.189
190,10.83965522,28.1837,2.02527,5.43178,38.1952,8.30469,-7.78572,-0.513806,-2.31056,-1.83901,675.104,975.22
191,10.7898981,27.9866,1.91873,5.07986,37.1368,7.74175,-8.06732,-0.741999,-2.10421,-2.3758,659.839,977.554
192,10.67505867,27.6354,1.79833,4.71529,35.9849,7.1716,-8.43523,-0.993664,-1.90719,-2.93042,644.539,980.174
193,21.38566555,33.4989,3.92008,8.99698,43.2565,10.9867,10.7705,1.07107,-2.21128,-5.22491,742.961,946.677
194,21.8490927,33.6887,3.8502,8.38001,42.1276,10.4512,10.5034,0.705186,-1.93885,-5.69187,723.797,948.044
195,22.13198025,33.602,3.76634,7.71721,40.8415,9.91314,10.0813,0.32095,-1.64717,-6.1689,704.569,949.82
196,22.26202224,33.2339,3.66902,7.01947,39.424,9.38303,9.51002,-0.0772847,-1.34462,-6.65911,685.267,951.982
197,22.19221072,32.5797,3.55817,6.29703,37.9005,8.86922,8.79465,-0.484709,-1.03873,-7.16349,665.886,954.5
198,21.89637273,31.6349,3.4332,5.55936,36.2958,8.37772,7.94066,-0.896214,-0.735904,-7.68097,646.419,957.341
199,28.02779919,30.0558,1.18771,4.08032,37.489,1.62235,14.8933,6.13619,-10.1678,2.17895,626.552,866.842
200,28.49033416,30.2275,1.05171,3.13104,36.5344,0.806955,14.8725,5.45059,-10.1418,1.01644,611.221,869.411
201,28.79152472,30.206,0.905283,2.17893,35.4861,-7.88E-05,14.7812,4.75575,-10.1006,-0.153069,595.81,872.259
202,28.90216468,29.9723,0.750654,1.23506,34.3465,-0.758898,14.603,4.05778,-10.0419,-1.31963,580.319,875.369
203,28.73143075,29.5066,0.590394,0.311555,33.1213,-1.43477,14.3245,3.36262,-9.96405,-2.47404,564.748,878.724
204,28.27331696,28.7881,0.427403,-0.578825,31.8189,-2.00086,13.9372,2.67603,-9.86568,-3.60782,549.097,882.302
205,14.33441467,24.8026,7.94772,2.79436,12.5736,18.5523,3.45919,1.48647,-5.84785,-5.38776,748.754,925.104
206,14.58003829,24.7261,7.95383,2.44659,11.9321,17.9292,3.18174,1.18849,-5.63859,-5.68486,732.442,926.672
207,14.70758946,24.4091,7.95535,2.07446,11.2177,17.2629,2.81967,0.876001,-5.43481,-5.98415,716.089,928.527
208,14.68336654,23.8316,7.95031,1.68064,10.4379,16.5589,2.37482,0.553242,-5.23727,-6.28458,699.692,930.651
209,14.52712625,22.9725,7.93545,1.26826,9.60183,15.8225,1.84848,0.224285,-5.04623,-6.58479,683.247,933.024
210,14.20037095,21.8098,7.90645,0.840777,8.71932,15.0589,1.24212,-0.107173,-4.86157,-6.88319,666.751,935.625
211,16.42111549,27.883,4.51219,9.42906,27.4918,17.0634,4.5014,4.55907,-8.81866,0.729339,620.338,971.603
212,16.61998787,27.6348,4.41511,8.82651,25.9503,16.2715,3.72356,4.16485,-8.94557,-0.109399,600.802,973.851
213,16.71713789,27.0618,4.30931,8.1613,24.3028,15.4306,2.80263,3.73522,-9.07733,-0.981066,581.19,976.505
214,16.68649631,26.1423,4.19487,7.43817,22.5742,14.5501,1.74628,3.27424,-9.2113,-1.87783,561.49,979.54
215,16.50150659,24.8591,4.07165,6.6631,20.7881,13.642,0.563444,2.78693,-9.34407,-2.79071,541.693,982.926
216,16.13266353,23.2007,3.93938,5.84348,18.9673,12.7203,-0.734031,2.27919,-9.47184,-3.71002,521.791,986.631
217,12.36626709,27.5332,2.68989,18.2288,39.6867,-4.62745,5.68382,5.64871,-8.70974,0.547252,667.882,928.593
218,12.57465004,27.7627,2.55299,17.252,38.6365,-5.46033,5.82073,5.00957,-8.36727,0.351779,651.771,930.377
219,12.71477769,27.7737,2.41652,16.2295,37.3964,-6.14751,5.84838,4.34993,-8.00183,0.163629,635.676,932.506
220,12.75537331,27.5465,2.28305,15.1851,35.9789,-6.67379,5.75281,3.68256,-7.61953,-0.0220353,619.595,934.961
221,12.71693722,27.064,2.15271,14.1422,34.4069,-7.04253,5.51937,3.01998,-7.22617,-0.209072,603.519,937.722
222,12.5955429,26.3123,2.02337,13.1221,32.711,-7.27226,5.1348,2.37391,-6.82694,-0.400042,587.438,940.769
223,11.53107385,22.8973,6.80002,9.56114,21.1083,17.4924,5.28187,3.87715,-1.58347,-4.95962,841.241,994.854
224,11.61297485,22.8007,6.86687,9.24592,20.0857,17.1729,5.18699,3.74033,-1.52747,-5.41084,828.341,997.409
225,11.65989183,22.5399,6.92128,8.92637,19.0316,16.8129,5.0104,3.59883,-1.48152,-5.8764,815.412,1000.19
226,11.68044309,22.0922,6.95059,8.62268,17.9785,16.3824,4.71562,3.45399,-1.4456,-6.35332,802.453,1003.19
227,11.64818627,21.4376,6.94288,8.35209,16.9556,15.858,4.27286,3.30717,-1.41924,-6.83832,789.46,1006.38
228,11.52631018,20.5618,6.88876,8.12702,15.9854,15.225,3.66359,3.15975,-1.40168,-7.32785,776.429,1009.75
229,13.97908746,22.6201,1.69253,1.45129,33.2128,0.712029,5.59614,-3.22478,-3.98683,-4.51341,741.642,962.04
230,14.19204006,22.9601,1.67385,0.780237,33.0485,0.702039,5.6481,-3.64596,-3.75681,-4.75379,724.167,963.013
231,14.29053807,23.0906,1.64263,0.0530294,32.6836,0.73063,5.56873,-4.05231,-3.45725,-4.93645,706.592,964.476
232,14.29094744,22.993,1.59755,-0.716187,32.1267,0.786505,5.36423,-4.44077,-3.09186,-5.06835,688.91,966.413
233,14.16193827,22.6474,1.53709,-1.51064,31.3894,0.857199,5.041,-4.80841,-2.66613,-5.15746,671.115,968.799
234,13.88275719,22.0334,1.45959,-2.31098,30.486,0.930226,4.60557,-5.15189,-2.18741,-5.21267,653.199,971.604
235,13.7641527,31.3643,1.36679,1.553,59.8789,7.73902,3.58775,-1.89468,2.37556,3.84573,649.511,904.994
236,13.96640232,31.7929,1.27364,1.07189,59.2293,6.33179,3.64986,-2.55364,1.81809,2.59887,628.016,906.592
237,14.07531465,32.0429,1.1614,0.445382,58.4248,5.0227,3.57742,-3.23408,1.30095,1.35551,606.448,908.659
238,14.07598409,32.0746,1.03413,-0.312766,57.4436,3.90589,3.35292,-3.92464,0.838009,0.116335,584.812,911.181
239,13.97009088,31.8469,0.895305,-1.18297,56.2731,3.04828,2.96098,-4.61426,0.439853,-1.1189,563.107,914.141
240,13.75221815,31.3174,0.747035,-2.14166,54.91,2.48042,2.38856,-5.29266,0.112988,-2.35144,541.33,917.516
241,14.20566472,26.8506,6.29146,6.27939,33.3493,5.24955,6.99286,1.16883,-4.64953,-2.64147,768.231,979.721
242,14.5168735,27.1258,6.20174,5.70456,32.617,4.79544,7.25052,0.796671,-4.48257,-3.08442,751.734,980.621
243,14.69235105,27.2105,6.08951,5.12107,31.7318,4.36396,7.34032,0.408111,-4.3326,-3.56403,735.192,981.927
244,14.73123994,27.0926,5.95764,4.5333,30.7038,3.95989,7.26426,0.00739653,-4.19968,-4.07714,718.596,983.624
245,14.62248567,26.7591,5.80863,3.94385,29.5408,3.58447,7.02774,-0.401533,-4.08217,-4.61821,701.936,985.696
246,14.38119902,26.1961,5.64409,3.35406,28.2498,3.23562,6.63878,-0.814993,-3.97692,-5.17949,685.204,988.119
247,22.05140157,21.6075,3.01746,4.09288,28.7268,13.2036,-8.96797,-3.25795,-0.24165,-4.96214,828.175,969.987
248,22.63296799,22.3101,3.0256,4.05467,28.4452,12.8391,-8.76226,-3.39414,-0.200901,-5.50349,810.809,969.54
249,23.00134005,22.7042,3.02527,3.97746,27.8073,12.369,-8.80002,-3.53266,-0.135947,-6.00752,793.377,969.915
250,23.13258844,22.7613,3.01509,3.85565,26.8245,11.7991,-9.09827,-3.67808,-0.0408612,-6.46786,775.873,971.091
251,23.02458344,22.454,2.99346,3.68444,25.5187,11.1341,-9.668,-3.83514,0.0885965,-6.88058,758.291,973.029
252,22.65545184,21.7575,2.95855,3.46034,23.9203,10.3778,-10.5132,-4.00812,0.254864,-7.24405,740.625,975.677
253,14.59465715,21.9573,-0.35985,4.90107,39.8676,8.88063,2.73513,-3.34597,-7.58445,-4.99121,743.617,954.912
254,14.90691792,22.1764,-0.414468,4.32955,38.8996,8.56742,2.50087,-3.8158,-7.83606,-5.82191,724.612,955.834
255,15.04229011,22.168,-0.492994,3.67267,37.7446,8.32037,2.02275,-4.29966,-8.05682,-6.60916,705.517,957.231
256,15.02475723,21.9145,-0.595405,2.93934,36.4226,8.12188,1.31302,-4.79512,-8.24073,-7.35077,686.325,959.094
257,14.84357304,21.3965,-0.721443,2.14136,34.9551,7.95475,0.387001,-5.29921,-8.38313,-8.04621,667.027,961.407
258,14.48684306,20.5923,-0.870585,1.29268,33.3657,7.8036,-0.736447,-5.80853,-8.48092,-8.69639,647.62,964.147
259,15.1599881,20.4767,-0.916404,3.3382,29.8873,-3.07358,15.3807,2.07362,-5.63975,-5.85779,740.175,979.788
260,15.4361839,20.8747,-0.982361,3.10482,29.252,-3.20427,15.4664,1.83528,-5.67846,-6.566,722.948,980.582
261,15.61187941,21.0082,-1.06188,2.81753,28.3802,-3.15102,15.2819,1.55532,-5.66968,-7.26371,705.668,981.909
262,15.67263289,20.86,-1.15383,2.48389,27.3054,-2.92523,14.8204,1.24125,-5.6125,-7.94767,688.329,983.737
263,15.61949275,20.4102,-1.25714,2.11216,26.0587,-2.54471,14.0814,0.901173,-5.50711,-8.6138,670.925,986.025
264,15.44571187,19.6367,-1.37069,1.71101,24.6691,-2.03258,13.0734,0.543401,-5.35499,-9.25748,653.451,988.73
265,11.0954478,33.9398,5.39101,5.36094,40.6762,16.5095,9.05031,-6.39208,-16.9581,0.276496,648.223,1036.48
266,11.20741851,33.9758,5.38247,4.9402,39.6172,15.9018,8.80374,-6.57511,-16.8132,-0.420996,629.82,1037.36
267,11.27241998,33.8125,5.3612,4.46601,38.4149,15.275,8.40533,-6.74273,-16.6022,-1.07733,611.273,1038.73
268,11.28107314,33.4327,5.32549,3.95246,37.0834,14.6185,7.85955,-6.88862,-16.327,-1.69247,592.58,1040.57
269,11.22025304,32.8193,5.2736,3.41276,35.6365,13.9258,7.17225,-7.00818,-15.9893,-2.26632,573.74,1042.85
270,11.09611176,31.9554,5.20354,2.85855,34.0873,13.195,6.34952,-7.09881,-15.5908,-2.79851,554.755,1045.54
271,10.40084181,22.8306,1.58145,10.9485,38.0945,0.353501,-5.39809,-0.330661,-14.9442,-10.821,610.073,993.106
272,10.65886565,23.0585,1.52427,10.3926,37.2788,0.260498,-5.56242,-0.64682,-14.9609,-11.3427,592.929,994.007
273,10.82652248,23.1662,1.43022,9.7591,36.4625,0.0863169,-5.83939,-0.996569,-14.9472,-11.8391,575.649,995.33
274,10.88634928,23.1349,1.30409,9.04957,35.6393,-0.147259,-6.20713,-1.37546,-14.9032,-12.3104,558.234,997.062
275,10.83248569,22.9424,1.15174,8.26452,34.7908,-0.411103,-6.64382,-1.77856,-14.829,-12.7566,540.685,999.186
276,10.65699875,22.564,0.97883,7.40424,33.8928,-0.673185,-7.13211,-2.20056,-14.7245,-13.1773,523.009,1001.68
277,14.3601399,27.2084,1.53829,5.90596,37.1351,5.36227,14.9301,3.66559,0.986116,-10.7427,848.775,939.52
278,14.69297152,27.5406,1.46936,5.66891,35.5132,5.19498,14.1522,3.36361,1.63501,-11.0379,830.483,940.365
279,14.85926102,27.6309,1.37019,5.4491,33.6918,5.02693,12.9815,3.03596,2.32332,-11.3186,812.125,941.603
280,14.85500857,27.4767,1.24275,5.24972,31.7118,4.85646,11.443,2.68643,3.04354,-11.5838,793.693,943.213
281,14.67066938,27.0762,1.08912,5.072,29.6148,4.68366,9.56887,2.31935,3.78725,-11.8325,775.181,945.163
282,14.37317495,26.4275,0.911451,4.91544,27.4434,4.50986,7.39972,1.93959,4.54528,-12.0644,756.587,947.42
283,16.06121402,28.4695,1.33284,4.32028,44.0486,1.96937,8.96207,1.91806,-9.96701,-4.0184,694.344,938.79
284,16.34107925,28.7452,1.2678,3.72481,43.011,1.92695,8.42623,1.63801,-9.53725,-4.47701,677.599,940.315
285,16.49707954,28.82,1.19099,3.11116,41.8568,1.90896,7.74813,1.33878,-9.08458,-4.9052,660.771,942.273
286,16.55237185,28.6838,1.10331,2.48436,40.6104,1.91534,6.94293,1.02416,-8.61287,-5.30084,643.856,944.643
287,16.48417669,28.3259,1.00522,1.84892,39.2938,1.94643,6.02523,0.698022,-8.12627,-5.66264,626.85,947.395
288,16.27424237,27.7344,0.896675,1.20904,37.9271,2.00231,5.00849,0.364399,-7.62911,-5.99034,609.751,950.498
289,11.32382343,31.7468,4.40192,5.79681,33.9787,17.6624,8.05708,3.88095,-11.0632,-12.8041,838.66,990.193
290,11.46658938,31.7087,4.33661,5.25421,32.9514,16.9777,8.03038,3.64119,-11.0132,-13.4144,819.805,991.21
291,11.54605051,31.4262,4.26015,4.70034,31.8316,16.2318,7.87072,3.39841,-10.9286,-14.0054,800.864,992.553
292,11.55061494,30.8833,4.1732,4.14548,30.6284,15.4365,7.56918,3.15559,-10.81,-14.5858,781.824,994.2
293,11.45069263,30.0632,4.0766,3.59846,29.3466,14.6068,7.11687,2.91505,-10.6587,-15.1628,762.674,996.128
294,11.24486424,28.9483,3.97124,3.06655,27.9875,13.7591,6.50611,2.67843,-10.4768,-15.7412,743.406,998.314
295,13.67771506,25.2332,5.06573,7.80154,26.3422,14.0951,15.3672,3.45373,-4.18103,1.36391,683.052,998.294
296,13.87926385,25.4363,4.96783,7.32627,25.5696,13.163,15.1395,3.01715,-3.90312,0.880655,666.425,1000.21
297,13.9897716,25.3999,4.86649,6.80396,24.6337,12.2474,14.7834,2.55154,-3.61338,0.385476,649.755,1002.48
298,14.02604251,25.1139,4.76398,6.24267,23.5504,11.3587,14.3135,2.06317,-3.31573,-0.123899,633.037,1005.08
299,13.96703812,24.5699,4.66176,5.6514,22.3402,10.503,13.7462,1.55849,-3.01375,-0.648485,616.271,1007.99
300,13.83362939,23.7605,4.56026,5.03967,21.0268,9.68304,13.0987,1.04396,-2.71057,-1.18802,599.454,1011.2
301,15.86780265,28.0761,4.02923,-0.545891,27.4651,26.37,8.17798,-0.887636,-5.54916,-7.34199,788.273,919.708
302,16.00583482,27.8375,3.95442,-1.05621,26.5226,25.7222,7.83534,-1.20621,-5.62027,-8.03764,772.687,921.143
303,16.06577483,27.4174,3.87704,-1.59946,25.4718,25.0221,7.40209,-1.54123,-5.66733,-8.72394,757.029,922.993
304,16.03865663,26.8078,3.79713,-2.17061,24.3223,24.2741,6.88286,-1.88944,-5.68775,-9.39405,741.294,925.24
305,15.90856111,25.9996,3.71445,-2.76409,23.0836,23.4822,6.28194,-2.24746,-5.67922,-10.0413,725.475,927.864
306,15.67466752,24.9833,3.62844,-3.37381,21.7651,22.6501,5.6033,-2.61187,-5.64011,-10.6597,709.571,930.838
307,9.653674739,28.94,0.962088,1.79004,37.6376,12.9141,-9.20621,-3.61896,-7.17436,-4.10726,907.284,959.123
308,9.880914263,29.1474,0.90027,1.2615,36.2641,12.4228,-9.85606,-3.84944,-6.97349,-4.42339,888.654,961.725
309,10.02049315,29.14,0.829969,0.700228,34.7027,11.8887,-10.6137,-4.08864,-6.74381,-4.73001,869.965,964.685
310,10.06074449,28.8967,0.751039,0.111735,32.9725,11.3174,-11.468,-4.33398,-6.48884,-5.02993,851.213,967.973
311,9.995125026,28.3965,0.662997,-0.497116,31.0971,10.7129,-12.4069,-4.58262,-6.21284,-5.32598,832.396,971.559
312,9.821595763,27.6193,0.565148,-1.11825,29.1038,10.0792,-13.4173,-4.83145,-5.92061,-5.62083,813.511,975.407
313,24.48727534,23.8175,3.06529,5.88465,35.2361,19.3131,10.6324,-0.00710684,-5.0181,-0.518366,639.522,910.218
314,25.12914516,24.4409,3.04798,5.32104,34.7002,19.023,10.5895,-0.318937,-4.78809,-1.2948,616.995,911.136
315,25.54073264,24.7091,3.01426,4.66662,33.9023,18.7043,10.3239,-0.654043,-4.51212,-2.03147,594.361,912.642
316,25.62254856,24.5993,2.96271,3.93417,32.8671,18.3553,9.83373,-1.00971,-4.1962,-2.72438,571.611,914.712
317,25.383679,24.0903,2.89162,3.13725,31.618,17.9731,9.11655,-1.38303,-3.84604,-3.36927,548.736,917.314
318,24.7776879,23.1632,2.79932,2.28987,30.1758,17.5549,8.17095,-1.771,-3.46721,-3.96231,525.733,920.403
319,19.28593215,28.066,2.43424,7.72133,18.7115,30.7044,-6.90762,3.37191,-2.83767,-6.58281,773.194,959.645
320,19.56195653,28.738,2.41335,7.51558,18.1904,29.6863,-7.01692,3.20565,-2.61328,-7.02629,755.486,961.793
321,19.74082903,29.2176,2.39258,7.26987,17.5326,28.5657,-7.23507,3.02129,-2.37241,-7.46512,737.743,964.34
322,19.81212331,29.4829,2.37121,6.98516,16.7489,27.359,-7.57083,2.82208,-2.11494,-7.89944,719.963,967.263
323,19.74709019,29.5105,2.34818,6.66289,15.8523,26.0833,-8.03405,2.61128,-1.84049,-8.32864,702.138,970.539
324,19.57656485,29.2768,2.32224,6.30492,14.8564,24.7561,-8.63504,2.39216,-1.54861,-8.75129,684.263,974.138
325,10.79446746,25.4736,2.56277,2.60785,35.0701,19.3209,4.91491,-0.0780971,-3.49284,-6.35293,733.944,958.834
326,10.93963103,25.8965,2.56521,2.36698,34.107,18.8113,4.71901,-0.226828,-3.31328,-6.68827,717.164,960.811
327,11.02525636,26.1406,2.55856,2.12486,33.0046,18.2193,4.41187,-0.402622,-3.17571,-7.07416,700.256,963.298
328,11.04850433,26.1896,2.54267,1.87386,31.7698,17.5653,3.98524,-0.604169,-3.07794,-7.50816,683.225,966.249
329,10.98895551,26.0271,2.51715,1.60606,30.4087,16.8696,3.42928,-0.828681,-3.01426,-7.98393,666.077,969.615
330,10.84353899,25.6369,2.48143,1.31449,28.9268,16.1513,2.73262,-1.07209,-2.97615,-8.492,648.821,973.344
331,12.83328326,22.2383,2.5915,14.8479,36.7519,2.95505,-6.24771,4.35324,-10.0572,-0.208252,760.679,977.494
332,13.04405266,22.538,2.53757,14.2909,35.8674,2.80085,-6.32314,4.12592,-9.71874,-0.719436,745.531,978.614
333,13.16145291,22.6731,2.46243,13.6884,34.8866,2.61792,-6.48315,3.87753,-9.34589,-1.22745,730.317,980.128
334,13.19805073,22.6399,2.3685,13.0498,33.8312,2.41687,-6.72124,3.60937,-8.94925,-1.73822,715.035,982.021
335,13.15793358,22.4346,2.25808,12.3829,32.7198,2.20913,-7.03226,3.3228,-8.53898,-2.2563,699.687,984.274
336,13.01023675,22.0534,2.13323,11.6941,31.5685,2.00587,-7.41239,3.01932,-8.12432,-2.78462,684.271,986.865
337,24.20495224,24.3631,2.50371,5.68161,39.0477,8.12868,6.73134,0.0167293,-10.5274,-5.73054,817.379,912.598
338,24.81725838,24.8921,2.49733,5.27091,38.1759,7.60123,6.81938,-0.457302,-10.6154,-6.84678,798.96,913.164
339,25.17574583,25.2059,2.48312,4.83372,37.0595,7.11765,6.64065,-0.933027,-10.6255,-7.89289,780.454,914.271
340,25.31298071,25.2814,2.46061,4.37003,35.7273,6.67626,6.19421,-1.4077,-10.5557,-8.85633,761.852,915.91
341,25.23127763,25.0924,2.42816,3.87896,34.2072,6.27461,5.48026,-1.87829,-10.4054,-9.72652,743.147,918.065
342,24.86070636,24.6108,2.38297,3.35914,32.5249,5.90976,4.50063,-2.34157,-10.1761,-10.4954,724.334,920.709
343,12.62950213,25.4191,1.70948,7.7693,33.6418,14.0242,-13.849,-0.575692,-12.1476,-7.28731,728.515,941.363
344,12.84088906,25.6545,1.64878,7.133,32.5602,13.3881,-14.1314,-0.859215,-11.9231,-7.98985,712.248,942.685
345,12.94594147,25.7245,1.58065,6.47231,31.3681,12.7074,-14.5084,-1.15736,-11.6781,-8.67872,695.93,944.355
346,12.9598201,25.6193,1.50525,5.79469,30.0832,11.9913,-14.9783,-1.46651,-11.4172,-9.35383,679.55,946.354
347,12.89089893,25.3277,1.42229,5.10595,28.7228,11.2503,-15.5408,-1.78316,-11.1445,-10.0147,663.099,948.658
348,12.7141056,24.8376,1.33099,4.41045,27.3033,10.4951,-16.1962,-2.1039,-10.8639,-10.6606,646.569,951.243
349,11.18767001,26.4414,4.101,3.61545,28.4636,12.0316,12.6478,2.00842,-3.67008,179.657,747.799,977.401
350,11.28458151,26.4141,4.03718,3.3042,27.3217,11.6816,12.0179,1.78553,-3.41177,179.016,732.745,978.611
351,11.34518181,26.2354,3.96606,2.99392,26.1022,11.3104,11.2802,1.55194,-3.1642,178.361,717.638,980.116
352,11.36073008,25.8976,3.88802,2.68521,24.8208,10.9213,10.4424,1.30815,-2.92986,177.691,702.473,981.901
353,11.34034481,25.3915,3.80285,2.37791,23.492,10.5176,9.51086,1.05494,-2.71075,177.009,687.245,983.946
354,11.25338958,24.7073,3.70976,2.07133,22.1284,10.1024,8.49145,0.793396,-2.50822,176.318,671.948,986.232
355,15.48268226,28.7475,4.84652,4.72782,41.074,10.9597,19.8237,-1.54047,-3.32834,-186.392,821.662,1039.68
356,15.66063206,29.134,4.78962,4.56508,40.3083,10.3445,19.7486,-1.73515,-3.41446,-187.245,803.462,1040.54
357,15.7516781,29.2777,4.71026,4.34181,39.3821,9.65466,19.5582,-1.95814,-3.4795,-188.062,785.179,1041.92
358,15.74523366,29.161,4.61075,4.05925,38.2984,8.90987,19.2452,-2.20859,-3.51874,-188.843,766.808,1043.79
359,15.6542751,28.7669,4.49368,3.7198,37.0592,8.13508,18.8002,-2.4851,-3.52843,-189.59,748.344,1046.13
360,15.47605173,28.079,4.36156,3.3269,35.6665,7.35738,18.2121,-2.7858,-3.50583,-190.305,729.784,1048.91
361,10.68274627,29.1871,2.60106,3.95716,40.6805,9.44856,-6.88888,0.0555767,0.893665,-1.12409,717.368,975.129
362,10.83741223,29.4047,2.53365,3.68592,39.9035,8.9669,-6.97893,-0.132113,1.14426,-1.57319,702.159,976.622
363,10.92807955,29.4804,2.45178,3.40711,39.0098,8.43396,-7.14673,-0.352,1.37929,-2.04599,686.913,978.467
364,10.95022959,29.4051,2.35633,3.1214,38.0025,7.86573,-7.39785,-0.602153,1.5969,-2.54108,671.626,980.648
365,10.92131495,29.1688,2.24754,2.82832,36.885,7.27663,-7.73824,-0.880303,1.79621,-3.05597,656.293,983.146
366,10.81254382,28.7614,2.12497,2.52663,35.6621,6.67889,-8.17372,-1.18381,1.97712,-3.5875,640.914,985.94
367,21.33840277,33.3217,3.71203,9.0065,45.3893,11.7878,10.8103,-0.351081,-5.47671,-6.08699,622.924,934.266
368,21.66166194,33.3212,3.65042,8.34776,44.2349,11.3213,10.3025,-0.728177,-5.27474,-6.72023,603.839,936.341
369,21.84382136,33.063,3.57511,7.6284,42.9668,10.8272,9.70418,-1.12005,-5.04712,-7.35658,584.687,938.815
370,21.89007567,32.5434,3.48656,6.86063,41.6059,10.3175,9.02839,-1.52137,-4.80251,-7.9985,565.456,941.66
371,21.66112192,31.7572,3.38458,6.05647,40.1704,9.80424,8.28182,-1.92654,-4.5489,-8.6468,546.14,944.843
372,21.22924881,30.6983,3.26858,5.22752,38.676,9.29911,7.46687,-2.32994,-4.29329,-9.30066,526.73,948.33
373,27.52328228,28.2284,1.14066,5.80075,38.1305,0.516295,15.1446,7.88866,-4.49829,2.61734,631.599,868.408
374,28.13304815,28.4228,1.05904,4.89954,36.9996,0.209656,14.9758,7.13053,-4.51782,1.30677,615.587,871.341
375,28.4662552,28.388,0.968794,3.99132,35.7534,-0.0722698,14.7024,6.36708,-4.52105,-0.00562056,599.48,874.551
376,28.63263498,28.1075,0.867456,3.08786,34.4108,-0.335579,14.3152,5.60572,-4.50436,-1.30407,583.269,878.02
377,28.47223379,27.5663,0.753873,2.20125,32.9877,-0.576174,13.8051,4.85318,-4.46459,-2.57393,566.95,881.73
378,28.02623831,26.7503,0.628231,1.34375,31.4986,-0.785357,13.1683,4.11559,-4.39919,-3.80218,550.521,885.662
379,15.56538126,25.3444,7.86678,4.07332,13.7735,19.7343,3.83449,0.960997,-4.61845,-2.83126,719.952,922.748
380,15.78870399,25.5106,7.87168,3.69484,13.2546,19.2477,3.73436,0.68282,-4.32083,-3.14031,703.778,923.915
381,15.88181474,25.4299,7.87538,3.29077,12.6419,18.712,3.52896,0.381986,-4.02983,-3.46153,687.545,925.403
382,15.81359255,25.0838,7.87718,2.86459,11.9402,18.1281,3.21741,0.0621193,-3.7492,-3.79392,671.248,927.197
383,15.61535747,24.451,7.87509,2.41965,11.1548,17.4953,2.79905,-0.273279,-3.4817,-4.13563,654.883,929.278
384,15.28418393,23.5079,7.86596,1.95919,10.2913,16.8116,2.27422,-0.620859,-3.22918,-4.4841,638.445,931.626
385,17.0552691,24.7373,4.20266,8.38439,24.3889,13.8162,3.88402,2.14492,-6.14136,1.95322,566.29,988.916
386,17.35904697,24.1811,4.09571,7.84115,22.5077,13.0082,2.87152,1.80856,-6.37009,1.05597,546.056,989.641
387,17.48318502,23.3004,3.96952,7.23868,20.4675,12.1528,1.61471,1.44685,-6.61737,0.0965918,525.706,990.758
388,17.40496767,22.0855,3.82476,6.57734,18.3103,11.2519,0.143202,1.06004,-6.87618,-0.91669,505.223,992.243
389,17.11940065,20.53,3.6629,5.85961,16.0772,10.3125,-1.50662,0.649316,-7.13747,-1.97205,484.594,994.07
390,16.6256016,18.6304,3.48627,5.09083,13.8084,9.34649,-3.29108,0.216962,-7.39078,-3.05473,463.81,996.208
391,13.67586767,31.5741,2.71098,15.7691,43.8119,-7.22182,8.03202,2.93287,-10.2521,-3.04704,630.644,921.462
392,13.8376676,31.8597,2.55743,14.5266,42.8873,-7.81255,8.15867,2.17153,-10.1144,-3.35726,614.385,922.484
393,13.92405591,31.9534,2.40567,13.2498,41.7938,-8.22818,8.13226,1.39809,-9.94591,-3.643,598.098,923.87
394,13.94766253,31.8383,2.25787,11.9645,40.5421,-8.48156,7.95818,0.625046,-9.74854,-3.90413,581.779,925.606
395,13.90743328,31.4968,2.11446,10.6949,39.1461,-8.59709,7.64305,-0.135981,-9.52433,-4.1403,565.42,927.677
396,13.76509042,30.911,1.9743,9.46268,37.622,-8.60604,7.19336,-0.874601,-9.27507,-4.35088,549.013,930.062
397,11.75585634,21.4105,6.54917,8.12733,20.0991,16.7034,3.74791,3.60613,-2.75662,-4.56908,753.467,999.483
398,11.85907849,21.3094,6.52752,7.94135,19.3502,16.0376,3.46614,3.47935,-2.65446,-4.94402,740.818,1001.65
399,11.90974585,21.0547,6.49486,7.74042,18.5741,15.364,3.13111,3.34232,-2.56629,-5.34491,728.141,1004.08
400,11.91455664,20.6433,6.45347,7.52428,17.7748,14.6942,2.75274,3.19722,-2.49396,-5.77013,715.432,1006.77
401,11.89471553,20.0708,6.40372,7.29395,16.9581,14.0358,2.33551,3.04621,-2.43844,-6.21706,702.686,1009.69
402,11.7969456,19.3323,6.34401,7.05183,16.1323,13.3925,1.87839,2.89145,-2.39962,-6.68208,689.898,1012.81
403,12.70534117,22.3593,1.85932,4.67504,33.0464,1.92107,6.17053,-2.76575,-8.56725,-4.37013,707.502,961.469
404,12.96816264,22.7365,1.84031,4.03263,32.5145,1.88956,6.08762,-3.12378,-8.41617,-4.59602,691.022,962.524
405,13.11927459,22.9376,1.8136,3.34588,31.8,1.87051,5.86445,-3.47993,-8.20042,-4.79247,674.461,964.055
406,13.15459393,22.9468,1.77839,2.62571,30.9259,1.85412,5.5119,-3.83077,-7.92238,-4.96222,657.809,966.041
407,13.08077532,22.7468,1.73378,1.88312,29.9137,1.83298,5.04121,-4.173,-7.58556,-5.10784,641.062,968.456
408,12.87916471,22.3189,1.67861,1.12948,28.7834,1.80192,4.46335,-4.50319,-7.19451,-5.2317,624.213,971.269
409,13.82646632,27.3762,1.31528,3.98711,56.5413,8.30081,2.29999,-1.87695,1.10572,6.85788,629.827,920.359
410,14.05351637,27.7064,1.22081,3.50003,56.0947,6.64238,2.57111,-2.49549,0.678218,5.63077,608.202,921.316
411,14.19259643,27.9146,1.10183,2.8598,55.4364,5.07735,2.68565,-3.15024,0.268351,4.38646,586.496,922.748
412,14.2407523,27.9629,0.962211,2.07589,54.5359,3.71839,2.60598,-3.83185,-0.112925,3.12067,564.721,924.651
413,14.17510277,27.8066,0.806024,1.16554,53.3756,2.65389,2.30146,-4.52988,-0.456048,1.82885,542.884,927.016
414,13.98606983,27.3946,0.636923,0.15213,51.951,1.9345,1.75083,-5.23335,-0.753498,0.506547,520.987,929.824
415,14.22771108,23.7925,4.65903,5.10344,31.4224,2.80517,5.96601,1.21039,-8.14594,-2.16471,799.854,983.487
416,14.49016414,24.0694,4.60935,4.47952,30.8986,2.57962,6.20381,0.833995,-8.01636,-2.74019,783.31,984.085
417,14.64394296,24.1572,4.55251,3.80137,30.1898,2.44085,6.27792,0.426137,-7.89284,-3.32789,766.724,985.112
418,14.64344723,24.0432,4.48729,3.07893,29.309,2.36511,6.19905,-0.00772241,-7.77511,-3.92643,750.087,986.555
419,14.51218574,23.7133,4.4116,2.32265,28.2706,2.32527,5.97972,-0.461829,-7.66205,-4.53334,733.388,988.394
420,14.24040539,23.1528,4.32264,1.54338,27.0906,2.29396,5.63363,-0.930297,-7.55185,-5.14508,716.618,990.605
421,20.69141915,25.6518,3.45526,6.69663,36.3566,18.6456,-5.877,-2.08524,-1.74641,-8.05465,769.856,951.882
422,21.11209688,26.1329,3.47457,6.43277,35.6795,18.3345,-5.98643,-2.28358,-1.58147,-8.44267,753.94,952.959
423,21.34087196,26.3379,3.48409,6.12737,34.7183,17.9275,-6.32366,-2.48952,-1.37941,-8.80073,737.99,954.698
424,21.38119338,26.2443,3.48345,5.78749,33.5071,17.4278,-6.87958,-2.70002,-1.1433,-9.13002,721.995,957.067
425,21.20008847,25.8308,3.47197,5.42002,32.082,16.8378,-7.64112,-2.91192,-0.876585,-9.43142,705.944,960.027
426,20.82837674,25.0772,3.44842,5.03179,30.4801,16.1596,-8.59274,-3.12207,-0.583166,-9.70571,689.83,963.531
427,10.61561277,24.0354,0.662399,3.59388,39.9503,13.3476,-0.883175,-2.0392,-9.46437,-2.46057,743.976,953.713
428,10.88218173,24.4195,0.611184,2.93147,38.8701,13.3212,-1.69661,-2.44152,-9.38821,-3.07415,724.741,956.072
429,11.03920178,24.5897,0.555498,2.25028,37.6871,13.2414,-2.58163,-2.84769,-9.30374,-3.68881,705.466,958.752
430,11.07632344,24.5277,0.492532,1.55773,36.4245,13.1043,-3.5415,-3.25413,-9.21701,-4.30653,686.147,961.728
431,10.98860684,24.2164,0.419236,0.860077,35.1047,12.9109,-4.58326,-3.6575,-9.13308,-4.92842,666.78,964.974
432,10.75570596,23.64,0.332842,0.162405,33.7478,12.6669,-5.71385,-4.05473,-9.05599,-5.55476,647.365,968.459
433,15.35542118,20.2648,-0.303045,5.16322,30.7804,-3.07271,17.0366,2.69741,-2.94892,-6.28766,752.174,982.48
434,15.66936985,20.8717,-0.371983,5.06921,30.411,-3.34123,17.1436,2.52332,-3.12242,-7.01775,734.438,983.073
435,15.86877047,21.2013,-0.453135,4.89612,29.8003,-3.45645,17.0159,2.28511,-3.24422,-7.70782,716.645,984.284
436,15.94885442,21.2339,-0.544841,4.64408,28.9731,-3.41885,16.6454,1.98438,-3.3074,-8.35322,698.792,986.075
437,15.89907404,20.948,-0.646232,4.31564,27.9573,-3.23568,16.0239,1.6243,-3.30807,-8.9519,680.875,988.399
438,15.70122366,20.3214,-0.756926,3.91593,26.7827,-2.92071,15.148,1.20967,-3.2456,-9.5044,662.892,991.202
439,11.50069927,28.9295,6.3627,6.70718,42.8518,16.1608,12.7742,-6.54549,-11.9039,1.29992,840.755,1057.79
440,11.61979902,29.0627,6.3682,6.49367,42.1084,16.1454,12.6076,-6.70626,-12.1317,0.557513,823.757,1058.83
441,11.66414735,29.0081,6.36115,6.21395,41.2033,16.1009,12.3032,-6.85988,-12.3175,-0.154669,806.682,1060.4
442,11.67127223,28.7536,6.33859,5.87969,40.1546,16.006,11.8593,-6.99881,-12.4542,-0.832536,789.521,1062.49
443,11.6152859,28.2879,6.29718,5.5036,38.979,15.8438,11.2741,-7.11623,-12.5357,-1.47248,772.269,1065.06
444,11.5018619,27.6003,6.23337,5.09859,37.6923,15.603,10.5453,-7.20652,-12.5568,-2.07137,754.92,1068.09
445,10.28917051,24.0047,1.72409,12.2578,37.9762,1.13966,-6.47488,1.39486,-14.5119,-8.8365,635.548,990.762
446,10.50857544,24.1497,1.63811,11.673,37.2304,0.873187,-6.55238,1.02,-14.5387,-9.34017,618.56,991.832
447,10.61830871,24.1515,1.53094,11.0104,36.4528,0.606256,-6.70436,0.611734,-14.545,-9.83985,601.459,993.289
448,10.60864348,23.9953,1.40425,10.2718,35.6401,0.346427,-6.92732,0.173102,-14.5303,-10.3332,584.242,995.12
449,10.50922105,23.6651,1.25982,9.45838,34.7842,0.102248,-7.21721,-0.292297,-14.4934,-10.817,566.91,997.305
450,10.28874174,23.1443,1.09915,8.57128,33.8753,-0.117401,-7.57055,-0.780225,-14.4322,-11.2875,549.463,999.822
451,13.88453071,27.8499,1.75123,2.17628,38.23,8.36362,13.3885,2.6486,4.48983,-4.60284,842.087,926.323
452,14.12504002,28.1693,1.67035,2.00663,36.6765,8.05498,12.6183,2.3698,5.08353,-4.77799,824.109,927.539
453,14.19001363,28.2771,1.56614,1.86157,34.9707,7.72718,11.5084,2.06107,5.69756,-4.95997,806.072,929.133
454,14.10580512,28.1699,1.44174,1.74017,33.1491,7.3886,10.0886,1.72682,6.32511,-5.14764,787.968,931.079
455,13.91903458,27.843,1.30005,1.63911,31.2483,7.04928,8.39423,1.37217,6.95893,-5.33958,769.792,933.347
456,13.6074251,27.2902,1.14349,1.55363,29.3046,6.72007,6.46399,1.00299,7.59136,-5.53434,751.539,935.905
457,13.4932323,29.5201,1.49796,5.20512,45.2467,2.70842,8.80837,2.17503,-8.89324,-5.78135,716.948,939.141
458,13.672348,29.7182,1.4432,4.74365,44.2156,2.63106,8.17559,1.91373,-8.45968,-6.21744,701.671,940.958
459,13.7721243,29.7452,1.38108,4.27167,43.0919,2.56238,7.4552,1.63668,-8.01677,-6.64396,686.341,943.113
460,13.78295036,29.5947,1.31155,3.79109,41.8946,2.50619,6.65553,1.34745,-7.56747,-7.05721,670.954,945.581
461,13.7227742,29.2599,1.23424,3.30364,40.6418,2.46597,5.78405,1.04978,-7.11455,-7.45385,655.508,948.334
462,13.578253,28.7331,1.14848,2.81083,39.3508,2.44487,4.84749,0.747412,-6.66062,-7.83117,640.001,951.346
463,11.25261403,33.3909,4.18982,7.36918,37.4961,16.9243,9.07794,5.03454,-13.4971,-13.1938,802.909,974.806
464,11.37733404,33.3743,4.12517,6.78404,36.583,16.0867,9.10183,4.66142,-13.6311,-13.9004,784.536,976.082
465,11.45220219,33.1583,4.05534,6.17438,35.5718,15.2038,9.03713,4.28947,-13.7359,-14.5919,766.063,977.67
466,11.46465068,32.7242,3.98065,5.54782,34.465,14.2882,8.876,3.92279,-13.8118,-15.2807,747.483,979.549
467,11.41083069,32.0512,3.90112,4.91113,33.2639,13.355,8.6083,3.56454,-13.859,-15.9778,728.791,981.7
468,11.2784817,31.1175,3.8165,4.27039,31.9688,12.4199,8.22284,3.21715,-13.8776,-16.6917,709.983,984.1
469,13.79127163,25.5213,5.36626,5.27764,24.2346,12.5284,15.1816,1.95883,-3.13272,-1.34044,703.869,1007.62
470,13.91327953,25.5124,5.23463,4.85981,23.4324,11.4855,14.9056,1.52801,-2.76897,-1.79642,687.558,1009.67
471,13.95413844,25.2506,5.10441,4.41098,22.4461,10.4872,14.4895,1.08067,-2.39492,-2.26363,671.218,1012.08
472,13.91480614,24.7322,4.98152,3.93973,21.285,9.54688,13.9562,0.623955,-2.0146,-2.74296,654.849,1014.8
473,13.80095658,23.9534,4.86946,3.45532,19.9681,8.66965,13.3296,0.164644,-1.6316,-3.23389,638.451,1017.83
474,13.58137409,22.9098,4.76905,2.96696,18.5229,7.85359,12.6314,-0.291018,-1.24894,-3.73448,622.019,1021.13
475,15.20112887,32.4535,4.03534,-3.00519,33.1375,29.2654,9.73914,-0.475833,-6.92511,-5.78393,794.702,898.389
476,15.34073328,32.3244,3.99159,-3.57903,32.4077,28.6063,9.42363,-0.840553,-6.79376,-6.3526,778.202,899.972
477,15.40972532,32.0081,3.94891,-4.17756,31.5518,27.9048,9.01557,-1.21304,-6.62851,-6.90311,761.603,901.948
478,15.40439373,31.4925,3.90705,-4.79726,30.571,27.1669,8.51858,-1.59005,-6.42804,-7.43047,744.903,904.3
479,15.31596952,30.7629,3.86532,-5.43379,29.4685,26.398,7.93564,-1.96833,-6.19147,-7.93022,728.098,907.007
480,15.1364784,29.8025,3.82265,-6.08179,28.2485,25.6018,7.2697,-2.34458,-5.91863,-8.39861,711.185,910.047
481,9.714755645,27.4729,0.983836,0.90285,34.9114,12.2201,-9.78607,-3.48208,-4.42427,-2.24495,753.482,967.81
482,9.977633396,27.715,0.929729,0.507259,33.5164,11.7188,-10.4816,-3.67067,-4.22496,-2.60104,734.193,970.228
483,10.12172242,27.7116,0.86818,0.0814108,31.9018,11.1763,-11.3098,-3.86436,-3.99055,-2.9395,714.846,973.006
484,10.12718054,27.4398,0.79982,-0.370852,30.0903,10.5987,-12.2512,-4.06161,-3.72629,-3.26509,695.439,976.116
485,10.03764981,26.8781,0.724777,-0.844275,28.1104,9.99047,-13.2864,-4.26058,-3.4383,-3.58254,675.97,979.522
486,9.833671138,26.0068,0.642935,-1.33218,25.9958,9.35514,-14.3952,-4.45908,-3.13317,-3.89641,656.438,983.19
487,23.05354233,20.2969,2.60498,4.7286,34.4281,19.5163,9.31407,-1.06797,-8.34293,2.97942,644.71,913.265
488,23.56138491,20.8033,2.57919,4.19323,33.9324,19.2147,9.18889,-1.31669,-8.21921,2.26098,621.982,914.85
489,23.81193327,20.9684,2.53446,3.56763,33.185,18.8739,8.84031,-1.5914,-8.05761,1.55639,599.174,916.976
490,23.77762874,20.7731,2.46981,2.86206,32.2087,18.4941,8.27228,-1.89071,-7.86507,0.86453,576.276,919.618
491,23.38053422,20.2008,2.38421,2.08824,31.0253,18.0742,7.48909,-2.21233,-7.64878,0.184734,553.281,922.743
492,22.64513865,19.2373,2.27664,1.25893,29.655,17.6135,6.49512,-2.55316,-7.41586,-0.483006,530.182,926.306
493,18.70536079,31.5506,2.27763,6.95709,21.2067,31.1838,-5.88231,1.86131,-3.76639,-6.53701,802.828,951.243
494,18.92737672,32.0543,2.26235,6.52198,20.3966,30.2109,-6.16035,1.61535,-3.54457,-6.89064,785.313,953.294
495,19.06358416,32.3535,2.24795,6.05303,19.4765,29.1092,-6.52377,1.35536,-3.30101,-7.23474,767.738,955.739
496,19.12273074,32.4253,2.23379,5.55546,18.4618,27.8917,-6.9777,1.08512,-3.03545,-7.57296,750.098,958.553
497,19.06030994,32.2463,2.21897,5.03453,17.367,26.5747,-7.52959,0.808512,-2.74751,-7.90763,732.388,961.707
498,18.92821921,31.7936,2.20241,4.49552,16.2049,25.1769,-8.18808,0.529491,-2.43683,-8.23975,714.603,965.173
499,13.32620558,21.1952,2.02713,1.72348,31.3353,15.6227,4.38976,1.21045,-3.54517,-6.07138,631.238,972.899
500,13.60028265,21.3898,2.045,1.58684,30.4644,15.3775,4.05429,1.07963,-3.35442,-6.39129,614.045,973.409
501,13.74229571,21.3774,2.05022,1.41855,29.4332,15.0897,3.58177,0.913589,-3.20724,-6.74917,596.673,974.474
502,13.7820694,21.1403,2.04137,1.22061,28.2546,14.7573,2.97352,0.719713,-3.10504,-7.15026,579.119,976.069
503,13.68743827,20.6603,2.017,0.994825,26.9407,14.3797,2.23072,0.506918,-3.04462,-7.59513,561.386,978.161
504,13.45577268,19.9187,1.9757,0.743159,25.5024,13.9575,1.35458,0.284796,-3.01833,-8.07966,543.479,980.71
505,11.17303831,21.6811,2.21111,15.8931,34.6192,2.02616,-6.20627,5.11293,-10.961,-1.0084,775.103,985.381
506,11.29711872,21.9355,2.13428,15.2535,33.644,1.80653,-6.42447,4.80658,-10.6046,-1.55887,760.206,986.869
507,11.34076887,22.0451,2.04236,14.5917,32.5741,1.58316,-6.72806,4.48272,-10.243,-2.13463,745.265,988.702
508,11.31791388,22.0063,1.93892,13.9136,31.4273,1.3656,-7.10547,4.14305,-9.88367,-2.73873,730.281,990.859
509,11.22730018,21.8153,1.82685,13.2223,30.2203,1.16219,-7.54651,3.78911,-9.5326,-3.37161,715.254,993.315
510,11.07374425,21.4681,1.70812,12.5194,28.9696,0.979653,-8.04279,3.42239,-9.19388,-4.0313,700.183,996.044
511,25.50901273,28.4955,2.39894,7.87656,39.4558,5.85391,8.0773,1.97423,-9.57887,-5.98254,774.418,900.925
512,26.0482627,28.9572,2.41108,7.5048,38.156,5.24054,7.98473,1.43875,-9.56518,-7.09427,755.448,901.563
513,26.26986312,29.1448,2.40736,7.07375,36.6685,4.69204,7.62966,0.896677,-9.484,-8.12634,736.321,902.705
514,26.262839,29.0269,2.38483,6.57645,35.0113,4.21102,7.0075,0.349533,-9.33341,-9.06825,717.03,904.339
515,25.96864998,28.5727,2.33981,6.00727,33.2002,3.79863,6.11614,-0.200995,-9.11348,-9.91279,697.569,906.444
516,25.36564439,27.7518,2.26814,5.36274,31.2503,3.45402,4.95759,-0.752971,-8.8264,-10.6564,677.935,908.993
517,13.38600413,25.3983,1.63517,7.27144,33.6782,13.8326,-13.9036,-2.07131,-9.17544,-4.00352,811.958,944.058
518,13.62905114,25.5845,1.57174,6.58018,32.6464,13.198,-13.9881,-2.38514,-8.97999,-4.78241,795.336,945.237
519,13.77510352,25.5999,1.49342,5.87156,31.5343,12.517,-14.1764,-2.71445,-8.77873,-5.5773,778.65,946.759
520,13.83862772,25.4375,1.40105,5.15676,30.3608,11.8049,-14.4748,-3.05457,-8.57616,-6.38629,761.891,948.61
521,13.76251912,25.089,1.2955,4.44406,29.1418,11.0783,-14.8895,-3.40095,-8.37566,-7.2057,745.049,950.774
522,13.59375161,24.5442,1.17765,3.739,27.89,10.3536,-15.4254,-3.74915,-8.17939,-8.03024,728.118,953.232
523,11.74556173,26.0476,4.2971,2.83858,29.4271,12.5541,13.4154,1.45562,-3.01789,-0.795294,773.409,982.677
524,11.846409,26.0949,4.24111,2.53067,28.414,12.185,12.8981,1.18778,-2.78319,-1.43538,758.164,984.012
525,11.90204315,25.9994,4.1801,2.22366,27.3229,11.7958,12.274,0.903218,-2.56583,-2.08776,742.868,985.655
526,11.92023224,25.7497,4.11405,1.9172,26.1661,11.3909,11.5463,0.603798,-2.36738,-2.75157,727.516,987.594
527,11.88513138,25.3325,4.04235,1.6103,24.9542,10.9744,10.7179,0.291826,-2.18875,-3.42491,712.103,989.809
528,11.80665446,24.7332,3.96371,1.30165,23.6964,10.5497,9.79156,-0.0299598,-2.03018,-4.10498,696.624,992.283
529,14.62799263,31.7779,4.72032,5.42342,44.8876,11.2763,20.5395,-1.99293,-5.87377,-7.32522,740.678,1021.57
530,14.7808773,32.1431,4.64867,5.06244,43.8469,10.6328,20.2981,-2.27017,-5.78104,-8.12727,721.388,1023.16
531,14.85405217,32.2618,4.56445,4.66313,42.6407,9.97037,19.9168,-2.56909,-5.67905,-8.91607,701.995,1025.22
532,14.83955325,32.1133,4.46962,4.22827,41.2817,9.29369,19.4016,-2.88783,-5.56642,-9.69011,682.493,1027.72
533,14.77938053,31.6765,4.3655,3.76038,39.7819,8.60879,18.7573,-3.2243,-5.44154,-10.4475,662.88,1030.63
534,14.61577044,30.9308,4.25267,3.26175,38.1527,7.92305,17.9867,-3.57624,-5.30265,-11.1858,643.155,1033.94
535,9.971641383,30.8032,2.44546,4.00308,41.4235,8.4256,-6.35271,0.252037,2.09626,178.311,629.016,971.039
536,10.07807864,30.9248,2.38702,3.78871,40.5862,8.02041,-6.51467,0.0488446,2.19273,177.79,614.434,972.365
537,10.12379941,30.9201,2.31769,3.56048,39.6542,7.57911,-6.74739,-0.181505,2.28014,177.242,599.823,973.988
538,10.1299844,30.7814,2.23715,3.31671,38.6315,7.10793,-7.05044,-0.436922,2.36131,176.673,585.177,975.895
539,10.07499038,30.5008,2.14462,3.0555,37.5225,6.6132,-7.4239,-0.715014,2.43958,176.089,570.49,978.069
540,9.976310678,30.0705,2.03898,2.77508,36.3319,6.1015,-7.86864,-1.01311,2.51861,175.494,555.756,980.492
541,21.22246507,33.2811,4.04321,8.86222,44.3214,13.6296,10.0007,0.942844,-4.82363,-5.8738,701.117,938.728
542,21.60109644,33.4433,3.98661,8.3243,43.2846,13.0977,9.58059,0.600605,-4.62309,-6.51854,682.725,940.358
543,21.8493794,33.3508,3.91594,7.73717,42.1332,12.5293,9.05871,0.241295,-4.40502,-7.18035,664.28,942.395
544,21.99203459,33.0011,3.83253,7.10806,40.8891,11.9402,8.45224,-0.130857,-4.17537,-7.85558,645.773,944.816
545,21.93497952,32.3904,3.73691,6.44376,39.5713,11.3461,7.77224,-0.511279,-3.93948,-8.53904,627.192,947.594
546,21.65441317,31.5141,3.62889,5.7508,38.1957,10.7611,7.02453,-0.895145,-3.70194,-9.22434,608.528,950.695
547,28.01978262,28.6174,0.847708,6.38161,35.6864,-2.99657,15.5699,6.74554,-7.53194,2.66291,697.074,873.538
548,28.40120127,28.619,0.726955,5.2702,34.3708,-3.27966,15.3559,5.90869,-7.54226,1.36732,681.073,876.775
549,28.61962896,28.3811,0.604278,4.15382,32.9422,-3.45803,15.0181,5.06423,-7.5238,0.0834427,664.983,880.275
550,28.58333533,27.8845,0.478742,3.04957,31.4235,-3.54789,14.559,4.22041,-7.47375,-1.17424,648.794,884.018
551,28.17297253,27.1106,0.34964,1.97485,29.837,-3.56533,13.9849,3.38536,-7.39055,-2.39347,632.501,887.982
552,27.46149782,26.041,0.21658,0.946754,28.2049,-3.52573,13.3064,2.56707,-7.27387,-3.56443,616.098,892.143
553,16.40815758,22.5273,8.10294,4.00449,14.4881,20.531,4.77469,1.53058,-6.8897,-3.2925,780.054,925.337
554,16.71299171,23.0041,8.14841,3.70013,14.095,20.1675,4.84013,1.34147,-6.571,-3.59854,763.929,926.259
555,16.89018312,23.2204,8.18089,3.36304,13.6085,19.7601,4.77683,1.12366,-6.25586,-3.92303,747.767,927.54
556,16.91270777,23.166,8.20092,2.99584,13.04,19.3156,4.59106,0.87956,-5.94918,-4.26527,731.558,929.168
557,16.77675798,22.8284,8.20853,2.60095,12.398,18.8364,4.28891,0.611529,-5.65499,-4.62337,715.296,931.128
558,16.47943081,22.1925,8.20291,2.18077,11.6885,18.3215,3.87629,0.321873,-5.37618,-4.99443,698.976,933.402
559,18.59558019,29.6012,5.07501,8.03132,26.8089,16.453,6.9377,3.3968,-5.90793,2.93365,592.141,976.364
560,18.92422579,29.4976,4.97325,7.67265,25.2533,15.7712,6.18085,3.19358,-6.07419,2.16881,573.194,976.774
561,19.09100307,29.0775,4.85478,7.26607,23.5681,15.0272,5.22631,2.96441,-6.25453,1.3634,554.138,977.66
562,19.10670521,28.3268,4.72046,6.80833,21.783,14.2272,4.08758,2.70748,-6.44503,0.524126,534.962,979.001
563,18.95692805,27.2334,4.57065,6.29646,19.9238,13.3804,2.77768,2.42167,-6.64029,-0.339993,515.657,980.774
564,18.60713176,25.7888,4.40537,5.72879,18.0138,12.4978,1.3108,2.10687,-6.83377,-1.21818,496.216,982.944
565,13.31492936,33.143,2.71516,14.6654,42.9751,-5.96031,6.85297,3.44707,-6.8919,-0.736526,631.984,916.904
566,13.46009592,33.3007,2.55916,13.5424,41.7809,-6.62789,6.84316,2.71195,-6.74014,-1.09846,615.348,918.252
567,13.51454254,33.2272,2.40477,12.3931,40.4042,-7.17392,6.74007,1.97087,-6.54441,-1.42603,598.692,919.942
568,13.48859149,32.9008,2.25279,11.2448,38.8601,-7.60077,6.53875,1.23724,-6.30682,-1.71988,582.007,921.955
569,13.36634405,32.3014,2.10203,10.1237,37.1704,-7.92115,6.23221,0.52354,-6.02987,-1.98082,565.282,924.273
570,13.14299963,31.4102,1.94954,9.05315,35.3624,-8.15469,5.81184,-0.159135,-5.71648,-2.20991,548.501,926.872
571,11.69351406,21.5316,6.17911,9.22623,19.9238,14.9794,3.82283,3.90252,-1.49539,-4.76226,729.957,999.341
572,11.79370431,21.3622,6.16016,8.96548,19.0144,14.2761,3.57458,3.72539,-1.45243,-5.18641,716.751,1001.74
573,11.8408008,21.0279,6.13435,8.65843,18.0635,13.6179,3.30724,3.5383,-1.42377,-5.63943,703.499,1004.4
574,11.855999,20.5191,6.09627,8.31515,17.0905,13.0001,3.00647,3.34371,-1.41153,-6.11921,690.195,1007.32
575,11.83785885,19.8266,6.0394,7.94775,16.1145,12.4123,2.65362,3.14407,-1.41689,-6.62255,676.835,1010.47
576,11.74469564,18.9426,5.95691,7.5689,15.1527,11.8415,2.22858,2.94176,-1.44015,-7.14533,663.414,1013.83
577,13.10300934,22.5805,1.82874,2.57476,31.85,0.861619,6.00936,-2.29791,-2.38406,-2.35753,739.805,960.708
578,13.32404341,22.8343,1.81951,2.03115,31.2377,0.864604,5.89029,-2.64069,-2.12356,-2.58202,724.144,961.792
579,13.43722668,22.9215,1.80146,1.45881,30.4514,0.88395,5.63855,-2.98922,-1.82447,-2.7897,708.387,963.335
580,13.45702286,22.8259,1.7729,0.86545,29.5107,0.911582,5.26157,-3.33936,-1.49142,-2.98397,692.527,965.318
581,13.36093308,22.5303,1.73193,0.258893,28.435,0.940335,4.7681,-3.68684,-1.12948,-3.16771,676.557,967.716
582,13.13385902,22.0174,1.67648,-0.352816,27.2435,0.964077,4.16814,-4.02715,-0.744084,-3.34329,660.473,970.5
583,14.09976977,28.0834,1.43898,3.81705,56.2829,10.1441,2.54125,-0.747239,2.27272,3.04365,663.995,918.946
584,14.33134457,28.3795,1.35585,3.48789,55.8295,8.72288,2.61974,-1.38806,1.73742,1.78887,643.003,919.888
585,14.46501361,28.5722,1.24776,2.98499,55.2397,7.24281,2.61602,-2.07694,1.24424,0.541738,621.92,921.31
586,14.49972887,28.63,1.11813,2.31498,54.4739,5.81837,2.49669,-2.79965,0.807597,-0.695474,600.756,923.21
587,14.43918418,28.5126,0.971045,1.49339,53.4997,4.56177,2.22818,-3.54156,0.438931,-1.92251,579.523,925.576
588,14.26867514,28.1719,0.810651,0.544349,52.2953,3.56448,1.77979,-4.288,0.146022,-3.14102,558.229,928.392
589,14.73325159,21.6139,5.30605,8.25255,30.9664,5.05876,3.39954,2.63432,-6.53928,-1.44122,903.014,983.565
590,14.98943571,21.9212,5.27919,7.8329,30.8829,4.6851,3.86336,2.31103,-6.48651,-2.00351,887.203,984.061
591,15.13148038,22.0738,5.23942,7.33693,30.6201,4.3787,4.20502,1.95643,-6.42677,-2.57679,871.373,985.024
592,15.1428922,22.0651,5.18585,6.77125,30.186,4.13447,4.42389,1.57422,-6.36037,-3.16048,855.516,986.443
593,15.05681245,21.8857,5.11724,6.14338,29.5895,3.94239,4.52112,1.16822,-6.28728,-3.75305,839.62,988.303
594,14.82405408,21.5239,5.03215,5.46168,28.8398,3.78929,4.49901,0.742397,-6.20708,-4.35201,823.677,990.583
595,21.93367407,21.7664,2.92706,7.17385,32.3405,14.8629,-7.23438,-2.54982,-4.66422,-8.43333,778.832,962.615
596,22.31097365,22.1375,2.91656,6.91032,31.824,14.4654,-7.191,-2.80126,-4.78126,-9.00816,761.995,963.536
597,22.4871146,22.2069,2.89451,6.56022,30.9748,13.9658,-7.39442,-3.07378,-4.84525,-9.52647,745.133,965.224
598,22.4503722,21.9553,2.86,6.13088,29.8195,13.3733,-7.85382,-3.36467,-4.85515,-9.98768,728.235,967.645
599,22.15439282,21.3628,2.81193,5.6318,28.3906,12.6957,-8.57241,-3.67029,-4.81151,-10.3925,711.29,970.754
600,21.55399424,20.4103,2.74903,5.0744,26.724,11.9395,-9.54717,-3.98606,-4.71639,-10.7428,694.287,974.493
601,10.27158443,20.9193,0.818425,4.76331,38.5402,13.884,-1.79016,-0.137479,-7.42056,-1.27905,806.826,958.721
602,10.4859451,21.2617,0.759104,4.14189,37.2982,14.0967,-2.9488,-0.501606,-7.21754,-1.80069,788.262,961.195
603,10.60290747,21.4026,0.693912,3.50193,35.9566,14.2361,-4.17284,-0.871924,-7.00717,-2.32512,769.671,963.984
604,10.62640465,21.3295,0.621127,2.85522,34.5498,14.2839,-5.43784,-1.24478,-6.79915,-2.85718,751.049,967.066
605,10.53344342,21.0307,0.538163,2.21157,33.1084,14.2314,-6.73178,-1.61675,-6.60218,-3.40065,732.391,970.415
606,10.29697117,20.4954,0.442216,1.57835,31.6577,14.0799,-8.05161,-1.98476,-6.42368,-3.95817,713.694,974.003
607,14.76182305,22.3954,-0.845652,4.91292,31.9193,-5.59495,17.7092,4.25647,-4.38722,-5.70241,682.041,974.654
608,15.00827135,22.8524,-0.913591,4.69394,31.2022,-5.72689,17.8136,4.00178,-4.44092,-6.46037,664.075,975.712
609,15.16265001,23.0589,-0.992631,4.39657,30.2812,-5.68323,17.7035,3.69315,-4.4266,-7.17951,646.034,977.297
610,15.20558613,22.995,-1.08313,4.02613,29.1915,-5.47243,17.3581,3.3347,-4.34396,-7.85654,627.91,979.368
611,15.15374905,22.6368,-1.18541,3.59025,27.9666,-5.10768,16.7613,2.93191,-4.1952,-8.48937,609.697,981.88
612,14.97870718,21.9574,-1.29947,3.09868,26.6371,-4.60667,15.9079,2.49183,-3.98488,-9.07717,591.393,984.787
613,11.60238721,34.1083,5.36439,3.22524,42.975,17.9971,10.0004,-5.69077,-13.9984,2.07714,717.055,1033.52
614,11.70956078,34.108,5.34898,2.77691,41.8011,17.6701,9.65014,-5.84056,-13.9079,1.36419,698.432,1034.45
615,11.75778395,33.9056,5.32014,2.30108,40.5097,17.2472,9.16398,-5.97609,-13.7478,0.684931,679.644,1035.87
616,11.74379458,33.4793,5.27598,1.80777,39.111,16.7256,8.53919,-6.09489,-13.5188,0.0400669,660.687,1037.76
617,11.66480161,32.8077,5.2147,1.30573,37.6134,16.1088,7.77425,-6.19547,-13.2219,-0.569589,641.559,1040.09
618,11.52981808,31.8704,5.13441,0.802213,36.0235,15.4054,6.86909,-6.27728,-12.8585,-1.14289,622.258,1042.83
619,9.123177516,22.34,1.06234,10.7268,38.5888,2.72351,-10.8332,0.175295,-13.8611,-9.33265,682.771,989.603
620,9.277089636,22.4674,0.992235,10.3089,37.8518,2.51019,-11.1304,-0.106214,-13.8858,-9.80121,666.367,991.449
621,9.359530831,22.4571,0.914961,9.81746,37.0603,2.28969,-11.415,-0.415129,-13.8848,-10.2564,649.888,993.636
622,9.35008338,22.2971,0.828729,9.25275,36.2144,2.06987,-11.7001,-0.749801,-13.8594,-10.6982,633.332,996.142
623,9.240651272,21.9759,0.730827,8.61529,35.3144,1.85622,-12.0032,-1.10846,-13.8105,-11.1262,616.696,998.941
624,9.03818081,21.4825,0.618071,7.90599,34.3611,1.65266,-12.3428,-1.48916,-13.739,-11.5393,599.98,1002.01
625,13.97660865,30.6371,2.02793,5.07362,45.1848,8.42456,17.3928,4.66657,6.04083,-5.6796,868.126,918.766
626,14.20620335,31.0189,1.94868,4.78065,43.6468,8.3402,16.3627,4.28783,6.88426,-5.77335,848.571,920.464
627,14.33251036,31.1499,1.85245,4.50624,41.925,8.27548,15.0228,3.88152,7.75511,-5.85461,828.972,922.517
628,14.35515392,31.0194,1.74108,4.25832,40.055,8.21754,13.4045,3.45366,8.64319,-5.92681,809.323,924.9
629,14.17621045,30.616,1.61472,4.04309,38.0763,8.15415,11.5347,3.01093,9.53782,-5.99355,789.616,927.584
630,13.93673761,29.9287,1.47222,3.86447,36.0316,8.07615,9.43786,2.56068,10.4281,-6.05855,769.845,930.534
631,15.03697662,30.4222,1.57406,6.47358,46.3006,1.5178,11.4433,1.81081,-9.68106,-3.8171,668.835,933.792
632,15.26778713,30.6728,1.51181,5.90904,45.3038,1.42857,10.9111,1.51326,-9.27265,-4.33655,652.761,935.517
633,15.40796873,30.7341,1.43987,5.32516,44.2035,1.35204,10.2619,1.19345,-8.85032,-4.83492,636.619,937.633
634,15.44021475,30.5976,1.35874,4.72627,43.0201,1.29134,9.50472,0.855598,-8.41697,-5.30814,620.407,940.114
635,15.36514511,30.2541,1.26852,4.11651,41.7731,1.25005,8.64776,0.504247,-7.97549,-5.75298,604.121,942.932
636,15.19415244,29.6935,1.16898,3.49957,40.48,1.23184,7.69881,0.144004,-7.52873,-6.16721,587.76,946.058
637,11.39391393,26.1329,3.65269,3.03225,33.8075,12.6453,8.05879,1.32782,-11.6525,-8.44529,741.211,1003.55
638,11.514916,26.0358,3.59495,2.59834,33.0371,12.1634,8.06951,1.10226,-11.7565,-9.2669,723.669,1004.38
639,11.57848228,25.7503,3.53108,2.14644,32.1589,11.6647,7.97183,0.874541,-11.8441,-10.0478,706.082,1005.55
640,11.55834879,25.27,3.46124,1.68395,31.1847,11.1496,7.76278,0.648094,-11.9128,-10.7966,688.443,1007.04
641,11.44155384,24.5858,3.38549,1.21813,30.1248,10.6197,7.43886,0.426017,-11.96,-11.5222,670.745,1008.83
642,11.24363073,23.686,3.30391,0.755844,28.9872,10.0779,6.99693,0.211039,-11.9832,-12.2333,652.981,1010.88
643,12.56796183,25.8874,5.41081,7.6077,25.0035,14.0508,13.8468,4.69977,-3.36558,-0.914616,713.647,997.192
644,12.749313,25.9289,5.31436,7.02953,24.0807,13.149,13.682,4.21632,-2.99911,-1.28194,697.289,999.433
645,12.84490554,25.7299,5.22294,6.40763,22.9656,12.2699,13.4319,3.70724,-2.62637,-1.66318,680.917,1002
646,12.88868329,25.2828,5.13523,5.75919,21.6895,11.4064,13.0999,3.17867,-2.25201,-2.06173,664.526,1004.87
647,12.85780497,24.581,5.04832,5.1013,20.2906,10.5495,12.6893,2.6368,-1.88014,-2.47983,648.112,1008.01
648,12.73951074,23.6192,4.95819,4.44969,18.8103,9.69174,12.2038,2.0877,-1.51428,-2.91853,631.667,1011.41
649,16.78517712,26.5009,3.89977,-1.54481,29.8596,28.45,8.97701,-1.0048,-6.301,-5.38783,773.137,916.903
650,16.98025744,26.4583,3.85,-2.03671,29.1092,27.8867,8.73813,-1.32613,-6.31338,-6.02379,757.234,917.818
651,17.08023667,26.2295,3.79859,-2.55359,28.2385,27.265,8.39908,-1.66037,-6.30015,-6.65531,741.237,919.176
652,17.09063083,25.8019,3.74528,-3.09251,27.2536,26.5856,7.96449,-2.00463,-6.25858,-7.27613,725.141,920.965
653,16.97700614,25.1619,3.68955,-3.65034,26.1593,25.8489,7.43898,-2.35614,-6.18616,-7.88023,708.94,923.168
654,16.76587717,24.2947,3.6306,-4.22352,24.9599,25.0549,6.82723,-2.71222,-6.08095,-8.46225,692.631,925.764
655,10.05982623,27.9743,1.10619,1.28962,37.0509,13.689,-9.60157,-3.40528,-3.23452,-3.36177,790.716,961.712
656,10.23037811,28.0718,1.04235,0.892021,35.6814,13.1731,-10.2926,-3.65782,-3.14018,-3.79304,771.931,964.473
657,10.29219556,27.9593,0.971748,0.464129,34.1522,12.613,-11.0797,-3.91812,-3.01841,-4.22025,753.093,967.562
658,10.24955896,27.619,0.893961,0.00874677,32.483,12.0157,-11.95,-4.18297,-2.87132,-4.64616,734.201,970.951
659,10.11482116,27.0323,0.808338,-0.469776,30.6964,11.3873,-12.8902,-4.44889,-2.70164,-5.07284,715.251,974.609
660,9.881370043,26.1807,0.714157,-0.965485,28.8182,10.733,-13.8852,-4.71225,-2.51275,-5.50166,696.24,978.501
661,27.38480599,21.6673,2.95304,2.94093,33.5915,18.3825,10.0318,-2.56361,-7.28852,-1.21225,602.267,923.133
662,28.08092911,22.2056,2.91547,2.40411,33.1357,17.9309,10.0762,-2.92959,-7.37414,-2.29343,580.511,923.29
663,28.46618808,22.3891,2.86174,1.7881,32.4038,17.4441,9.89875,-3.30451,-7.43207,-3.35142,558.633,924.078
664,28.50827823,22.2009,2.79114,1.09547,31.412,16.9287,9.50023,-3.68664,-7.45932,-4.37195,536.623,925.485
665,28.13846107,21.6251,2.70274,0.330428,30.178,16.3888,8.88182,-4.07447,-7.45194,-5.34004,514.478,927.488
666,27.44478341,20.6476,2.59566,-0.500443,28.7211,15.8266,8.04657,-4.46641,-7.40568,-6.24107,492.195,930.05
667,19.63423694,30.855,2.37221,6.63455,20.3835,29.9152,-5.91224,2.41295,-2.81194,-8.63323,685.007,955.213
668,19.80847737,31.2706,2.34897,6.28164,19.7394,28.8119,-6.07826,2.09672,-2.6674,-9.02726,667.301,957.682
669,19.87424756,31.4619,2.32647,5.88378,18.9468,27.6121,-6.38199,1.77045,-2.49803,-9.40946,649.531,960.541
670,19.79386439,31.4052,2.30365,5.44467,18.0217,26.3302,-6.83118,1.43901,-2.30272,-9.78222,631.697,963.766
671,19.6511683,31.0765,2.27929,4.96838,16.9802,24.9814,-7.43345,1.10714,-2.08065,-10.1468,613.795,967.329
672,19.37383011,30.4533,2.25207,4.4591,15.8363,23.582,-8.19619,0.779202,-1.83143,-10.5031,595.825,971.197
673,12.32565549,24.471,2.55615,3.14123,30.8428,18.4643,2.70926,0.922716,-3.66447,-7.13087,740.598,974.685
674,12.4417922,24.8363,2.5451,2.97695,29.9882,18.0642,2.39862,0.745521,-3.70881,-7.61022,723.636,975.768
675,12.50845166,24.9952,2.51563,2.75214,29.0125,17.5704,1.9787,0.519074,-3.80204,-8.14612,706.513,977.403
676,12.49460799,24.9329,2.46898,2.46367,27.9251,17,1.45331,0.249958,-3.9396,-8.73747,689.234,979.545
677,12.39196858,24.6363,2.40622,2.11046,26.7345,16.3711,0.824554,-0.0532657,-4.11202,-9.3778,671.804,982.147
678,12.18081796,24.0942,2.32813,1.69412,25.4488,15.7013,0.0922097,-0.380855,-4.30555,-10.0558,654.23,985.162
679,11.51990593,19.2471,2.10527,14.4465,33.4119,1.9873,-7.24093,3.59703,-9.26722,-0.615744,811.676,992.281
680,11.6799075,19.4723,2.03544,13.7926,32.5737,1.86185,-7.30564,3.31824,-8.95373,-1.045,796.925,993.585
681,11.76087813,19.5536,1.94382,13.1237,31.6623,1.72325,-7.4626,3.03222,-8.6376,-1.49496,782.151,995.225
682,11.7799221,19.4896,1.83351,12.4487,30.6955,1.57953,-7.70584,2.74005,-8.32894,-1.97224,767.351,997.185
683,11.73079137,19.278,1.7075,11.7736,29.6883,1.43796,-8.02824,2.44234,-8.03608,-2.48108,752.527,999.447
684,11.5879961,18.9163,1.56851,11.1017,28.6531,1.30464,-8.42199,2.1395,-7.76524,-3.02313,737.676,1001.99
685,23.37699336,26.1722,2.71646,8.15863,41.1482,7.4425,8.12941,2.72318,-5.29235,-5.62376,662.599,905.566
686,23.76396366,26.6055,2.68129,7.90688,40.0202,7.00146,7.95556,2.38195,-5.25257,-6.54438,643.139,906.675
687,23.95905725,26.7855,2.6278,7.60372,38.6654,6.60936,7.52004,2.02277,-5.16322,-7.43609,623.584,908.3
688,23.95542525,26.6911,2.55547,7.24515,37.1075,6.26345,6.8286,1.64614,-5.02472,-8.28663,603.926,910.423
689,23.70412202,26.2984,2.46296,6.82749,35.3697,5.95955,5.88787,1.25303,-4.83835,-9.08451,584.161,913.019
690,23.22427729,25.5816,2.34816,6.34799,33.4743,5.69228,4.70581,0.844966,-4.60643,-9.81982,564.281,916.056
691,12.30353003,24.7528,1.42619,8.22788,33.1026,12.3987,-13.4256,-1.0086,-13.1614,-9.26258,773.022,946.677
692,12.44448832,24.7977,1.32662,7.51362,31.9194,11.7129,-13.8419,-1.31386,-12.9568,-9.9445,756.429,948.624
693,12.49266431,24.667,1.21867,6.78158,30.6418,11.0071,-14.35,-1.63173,-12.7496,-10.6356,739.782,950.891
694,12.45180813,24.3489,1.10213,6.03769,29.2884,10.291,-14.9497,-1.95853,-12.5424,-11.3339,723.074,953.457
695,12.31281805,23.8307,0.97649,5.28665,27.8774,9.57472,-15.6409,-2.29034,-12.3372,-12.0361,706.295,956.3
696,12.09341187,23.0985,0.841112,4.53203,26.4255,8.86833,-16.4229,-2.62316,-12.1348,-12.7381,689.441,959.394
